{"stats":{"minecraft:picked_up":{"minecraft:iron_chestplate":1,"aether:iron_gloves":1,"regions_unexplored:silt_dirt":12,"minecraft:enchanted_book":1,"minecraft:amethyst_block":7,"minecraft:string":5,"regions_unexplored:prismarite_cluster":3,"duneons:coin":1,"minecraft:raw_copper":45,"minecraft:iron_leggings":1,"minecraft:cobbled_deepslate":505,"bosses_of_mass_destruction:soul_star":1,"duneons:strengthenironpickaxe":1,"minecraft:iron_pickaxe":2,"farmersdelight:cabbage_seeds":1,"minecraft:furnace":2,"minecraft:stick":22,"born_in_chaos_v1:shattered_skull":1,"minecraft:torch":71,"minecraft:acacia_log":6,"minecraft:porkchop":34,"minecraft:golden_axe":2,"minecraft:cherry_log":55,"regions_unexplored:raw_redstone_block":6,"tombstone:grave_dust":13,"minecraft:diorite":8,"born_in_chaos_v1:nightmare_claw":1,"regions_unexplored:argillite":6,"minecraft:rotten_flesh":114,"duneons:bluebanner":13,"iceandfire:fire_dragon_heart":2,"create:veridium":1,"minecraft:cod":2,"minecraft:cobblestone":594,"minecraft:birch_log":10,"duneons:crystalblue":17,"minecraft:feather":6,"minecraft:andesite":51,"minecraft:potato":1,"duneons:bluekinghat_leggings":13,"paraglider:spirit_orb":5,"minecraft:flint":2,"minecraft:tuff":90,"create:raw_zinc":5,"minecraft:lapis_lazuli":4,"minecraft:dirt":27,"born_in_chaos_v1:nightmare_stalker_skull":1,"born_in_chaos_v1:monster_skin":3,"minecraft:bone":43,"duneons:mossendirt":3,"minecraft:bow":3,"minecraft:wheat_seeds":5,"farmersdelight:sweet_berry_cookie":1,"minecraft:pitcher_pod":1,"minecraft:oak_planks":6,"regions_unexplored:orange_coneflower":4,"minecraft:cooked_porkchop":15,"justhammers:iron_hammer":3,"minecraft:bundle":1,"blue_skies:pine_fruit_seeds":3,"minecraft:diamond":3,"minecraft:granite":50,"minecraft:bone_meal":2,"minecraft:golden_apple":1,"minecraft:bread":22,"minecraft:oak_sapling":3,"luminousworld:bao_bob_log":30,"iceandfire:raw_silver":2,"minecraft:crafting_table":3,"minecraft:allium":1,"minecraft:chicken":3,"born_in_chaos_v1:charmof_resistance":2,"regions_unexplored:poppy_bush":1,"minecraft:iron_axe":1,"minecraft:wooden_sword":1,"minecraft:iron_shovel":2,"iter_rpg:coin":3,"born_in_chaos_v1:gnawed_bones":4,"minecraft:birch_sapling":2,"minecraft:phantom_membrane":2,"minecraft:egg":2,"minecraft:raw_iron":41,"regions_unexplored:silver_birch_leaf_pile":5,"minecraft:bowl":1,"born_in_chaos_v1:pieceofdarkmetal":19,"minecraft:carrot":6,"minecraft:redstone":40,"luminousworld:baobab_plank":48,"minecraft:tnt":1,"minecraft:arrow":22,"regions_unexplored:redstone_bulb":6,"tombstone:essence_of_undeath":2,"alexsmobs:ghostly_pickaxe":1,"minecraft:mutton":6,"minecraft:rail":2,"minecraft:white_wool":3,"born_in_chaos_v1:fused_bone":2,"duneons:bluekinghat_chestplate":16,"born_in_chaos_v1:corpse_maggot":20,"farmersdelight:rich_soil":1,"born_in_chaos_v1:monster_flesh":2,"minecraft:glow_ink_sac":3,"minecraft:salmon":2,"minecraft:oak_log":1,"iceandfire:armor_bronze_leggings":1,"minecraft:gunpowder":1,"regions_unexplored:salmon_poppy_bush":7,"regions_unexplored:large_prismarite_cluster":1,"minecraft:apple":16,"minecraft:kelp":2,"minecraft:iron_ingot":4,"tombstone:bag_of_seeds":2,"minecraft:iron_sword":2,"minecraft:sweet_berries":12,"born_in_chaos_v1:orbofthe_summoner":1,"minecraft:gravel":4,"duneons:necromancerball":4,"minecraft:white_bed":4,"duneons:bluekinghat_helmet":10,"minecraft:mossy_stone_brick_slab":1,"minecraft:iron_helmet":1,"minecraft:cherry_sapling":15,"regions_unexplored:maple_log":10,"tombstone:magic_scroll":2,"minecraft:coal":53},"minecraft:killed_by":{"minecraft:zombie_villager":1,"minecraft:player":4},"minecraft:killed":{"duneons:enchanted_zombie":9,"born_in_chaos_v1:mr_pumpkin":18,"born_in_chaos_v1:zombie_lumberjack":1,"minecraft:spider":1,"duneons:wraith":1,"born_in_chaos_v1:siamese_skeletonsright":1,"born_in_chaos_v1:baby_skeleton_minion":6,"minecraft:skeleton":18,"duneons:necromancer":22,"minecraft:chicken":3,"minecraft:silverfish":1,"duneons:enchanted_creeper":9,"duneons:keygolem":1,"born_in_chaos_v1:bonescaller":1,"minecraft:pig":11,"minecraft:zombie_villager":1,"minecraft:salmon":3,"minecraft:creeper":3,"minecraft:sheep":4,"luminousworld:savannah_skeleton":1,"minecraft:zombie":47,"born_in_chaos_v1:dread_hound":5,"born_in_chaos_v1:corpse_fly":1,"born_in_chaos_v1:door_knight":1,"born_in_chaos_v1:siamese_skeletonsleft":1,"mca:female_zombie_villager":1,"luminousworld:swallowtail":1,"born_in_chaos_v1:zombie_bruiser":1,"born_in_chaos_v1:maggot":21,"duneons:pigchest":1,"born_in_chaos_v1:corpse_fish":1,"luminousworld:savannah_zombie":6,"born_in_chaos_v1:barrel_zombie":1,"born_in_chaos_v1:fallen_chaos_knight":1,"born_in_chaos_v1:felsteed":1,"born_in_chaos_v1:baby_skeleton":2,"born_in_chaos_v1:decrepit_skeleton":7,"alexsmobs:crow":1},"minecraft:custom":{"minecraft:interact_with_crafting_table":32,"minecraft:open_barrel":16,"minecraft:leave_game":4,"minecraft:time_since_death":0,"minecraft:sprint_one_cm":810938,"minecraft:drop":479,"minecraft:play_time":329165,"minecraft:deaths":12,"tombstone:tomb_raiding":1,"minecraft:jump":3882,"minecraft:walk_on_water_one_cm":135670,"minecraft:interact_with_furnace":35,"minecraft:sleep_in_bed":7,"minecraft:damage_dealt":37741,"minecraft:player_kills":1,"minecraft:crouch_one_cm":2815,"tombstone:undead_killed":115,"minecraft:interact_with_smithing_table":1,"minecraft:interact_with_anvil":2,"minecraft:mob_kills":289,"minecraft:damage_dealt_resisted":1828,"minecraft:climb_one_cm":4851,"minecraft:walk_one_cm":795094,"minecraft:sneak_time":1352,"minecraft:walk_under_water_one_cm":82055,"minecraft:total_world_time":329165,"minecraft:time_since_rest":0,"minecraft:damage_taken":15163,"minecraft:swim_one_cm":129139,"minecraft:fly_one_cm":426563,"minecraft:open_chest":43,"minecraft:fish_caught":2,"minecraft:fall_one_cm":95072},"minecraft:crafted":{"regions_unexplored:maple_planks":4,"minecraft:cooked_chicken":3,"minecraft:iron_boots":1,"minecraft:wooden_shovel":1,"minecraft:crafting_table":3,"minecraft:wooden_pickaxe":1,"minecraft:iron_helmet":1,"minecraft:iron_chestplate":1,"minecraft:stick":44,"minecraft:iron_ingot":52,"minecraft:iron_pickaxe":2,"minecraft:cherry_planks":24,"minecraft:wooden_sword":1,"minecraft:furnace":1,"minecraft:iron_axe":1,"minecraft:diamond_sword":1,"minecraft:iron_sword":3,"minecraft:air":0,"minecraft:iron_leggings":1,"minecraft:white_bed":1,"minecraft:torch":44,"luminousworld:baobab_plank":76},"minecraft:mined":{"minecraft:white_bed":3,"farmersdelight:rich_soil":1,"minecraft:mossy_stone_brick_slab":1,"regions_unexplored:maple_log":10,"duneons:ashblock":10,"minecraft:cherry_log":64,"minecraft:granite":42,"minecraft:budding_amethyst":1,"regions_unexplored:dropleaf":1,"minecraft:acacia_log":7,"minecraft:grass_block":6,"duneons:bluebanner":1,"luminousworld:baobab_plank":1,"regions_unexplored:argillite_grass_block":2,"minecraft:spawner":2,"minecraft:iron_ore":31,"minecraft:cobbled_deepslate":23,"minecraft:fire":2,"minecraft:small_amethyst_bud":2,"regions_unexplored:silt_grass_block":5,"minecraft:deepslate_redstone_ore":2,"minecraft:torch":1,"minecraft:cobblestone":22,"minecraft:oak_planks":7,"minecraft:wall_torch":4,"minecraft:amethyst_block":9,"minecraft:birch_log":10,"minecraft:wheat":1,"luminousworld:bao_bob_log":19,"minecraft:tnt":1,"minecraft:grass":30,"biomesoplenty:clover":3,"minecraft:oak_log":1,"minecraft:dirt":21,"luminousworld:grassvariant_3":1,"born_in_chaos_v1:infernal_evil_pumpkin_s":1,"luminousworld:savannah_grass_4":1,"regions_unexplored:prismoss_sprout":3,"minecraft:oak_leaves":22,"minecraft:deepslate":167,"create:zinc_ore":2,"minecraft:tuff":89,"minecraft:deepslate_diamond_ore":3,"luminousworld:grassvariant_4":2,"minecraft:nether_bricks":1,"biomesoplenty:bush":1,"minecraft:allium":1,"luminousworld:grassvariant_2":3,"regions_unexplored:large_prismarite_cluster":2,"regions_unexplored:raw_redstone_block":2,"regions_unexplored:duskmelon":1,"luminousworld:sunset_petunias":1,"regions_unexplored:argillite":1,"minecraft:furnace":2,"minecraft:carrots":1,"minecraft:andesite":9,"minecraft:potatoes":1,"minecraft:deepslate_iron_ore":8,"duneons:mossendirt":3,"regions_unexplored:medium_grass":2,"minecraft:stone":292,"regions_unexplored:redstone_bulb":6,"regions_unexplored:orange_coneflower":1,"regions_unexplored:silver_birch_leaf_pile":3,"minecraft:crafting_table":3,"regions_unexplored:salmon_poppy_bush":1,"regions_unexplored:silt_dirt":9,"minecraft:tall_grass":3,"minecraft:lapis_ore":1,"minecraft:diorite":8,"regions_unexplored:prismarite_cluster":7,"duneons:berries":6,"regions_unexplored:redstone_bud":3,"minecraft:coal_ore":36,"minecraft:gravel":5,"minecraft:cobweb":1},"minecraft:broken":{"minecraft:iron_boots":1,"minecraft:iron_sword":1,"aether:iron_gloves":1,"alexsmobs:ghostly_pickaxe":1,"minecraft:iron_axe":1,"minecraft:iron_pickaxe":1},"minecraft:dropped":{"sophisticatedbackpacks:iron_backpack":1,"minecraft:iron_sword":4,"iceandfire:raw_silver":3,"minecraft:lapis_lazuli":4,"duneons:necromancerball":4,"minecraft:oak_log":1,"minecraft:glow_ink_sac":3,"minecraft:cooked_porkchop":3,"minecraft:pitcher_pod":3,"born_in_chaos_v1:pieceofdarkmetal":19,"born_in_chaos_v1:nightmare_claw":1,"minecraft:rail":2,"regions_unexplored:maple_planks":2,"paraglider:spirit_orb":1,"minecraft:cod":2,"minecraft:flint":2,"duneons:strengthenironpickaxe":1,"born_in_chaos_v1:monster_flesh":1,"minecraft:dirt":27,"born_in_chaos_v1:nightmare_stalker_skull":1,"born_in_chaos_v1:monster_skin":3,"duneons:bluebanner":12,"minecraft:wooden_sword":2,"minecraft:bone_meal":2,"minecraft:phantom_membrane":2,"regions_unexplored:maple_log":9,"minecraft:iron_pickaxe":4,"minecraft:fishing_rod":1,"minecraft:birch_log":10,"minecraft:bone":44,"minecraft:gravel":1,"regions_unexplored:raw_redstone_block":6,"minecraft:cobbled_deepslate":316,"minecraft:birch_sapling":2,"minecraft:wheat":14,"blue_skies:scalefruit_seeds":3,"minecraft:rotten_flesh":117,"blue_skies:pine_fruit_seeds":6,"minecraft:mossy_stone_brick_slab":1,"create:asurine":17,"justhammers:iron_hammer":2,"duneons:bluekinghat_chestplate":9,"minecraft:gunpowder":1,"luminousworld:baobab_plank":2,"born_in_chaos_v1:corpse_maggot":18,"regions_unexplored:orange_coneflower":4,"minecraft:arrow":2,"iceandfire:armor_bronze_leggings":1,"minecraft:egg":1,"farmersdelight:tomato_seeds":1,"minecraft:enchanted_book":1,"minecraft:iron_ingot":10,"born_in_chaos_v1:shattered_skull":1,"minecraft:wheat_seeds":2,"duneons:frostwalker_helmet":1,"duneons:piglin_armor_1_chestplate":1,"minecraft:iron_helmet":2,"minecraft:golden_axe":3,"minecraft:feather":6,"minecraft:cobblestone":451,"minecraft:amethyst_block":7,"minecraft:granite":52,"minecraft:stick":4,"born_in_chaos_v1:gnawed_bones":3,"duneons:bluekinghat_leggings":6,"duneons:bluekinghat_helmet":6,"minecraft:diorite":27,"minecraft:torch":1,"tombstone:grave_key":1,"born_in_chaos_v1:fused_bone":2,"tombstone:grave_dust":14,"minecraft:iron_leggings":2,"minecraft:iron_axe":1,"alexsmobs:ghostly_pickaxe":1,"regions_unexplored:silver_birch_leaf_pile":5,"minecraft:iron_shovel":4,"minecraft:string":5,"farmersdelight:rich_soil":1,"create:raw_zinc":5,"minecraft:redstone":9,"minecraft:kelp":2,"luminousworld:bao_bob_log":11,"minecraft:raw_copper":45,"minecraft:bowl":3,"minecraft:tuff":63,"minecraft:raw_iron":1,"farmersdelight:cabbage_seeds":1,"create:veridium":1,"minecraft:allium":1,"aether:iron_gloves":1,"minecraft:iron_chestplate":3,"minecraft:andesite":51,"minecraft:wooden_shovel":2,"blue_skies:fiery_bean_seeds":2,"minecraft:golden_sword":1,"minecraft:bow":1,"iceandfire:fire_dragon_heart":2,"duneons:crystalblue":1,"minecraft:wooden_pickaxe":1,"minecraft:calcite":8,"regions_unexplored:silt_dirt":5},"minecraft:used":{"regions_unexplored:silt_dirt":7,"duneons:bluebanner":1,"minecraft:iron_sword":491,"minecraft:mutton":6,"minecraft:carrot":6,"minecraft:tuff":22,"farmersdelight:sweet_berry_cookie":1,"born_in_chaos_v1:gnawed_bones":1,"minecraft:bow":1,"minecraft:sweet_berries":14,"minecraft:furnace":4,"minecraft:potato":1,"duneons:mossendirt":3,"minecraft:diorite":2,"minecraft:oak_planks":4,"minecraft:wooden_pickaxe":28,"luminousworld:baobab_plank":41,"minecraft:glow_berries":17,"minecraft:mushroom_stew":6,"alexscaves:cave_book":2,"born_in_chaos_v1:monster_flesh":1,"minecraft:bread":8,"minecraft:gravel":3,"minecraft:diamond_sword":292,"minecraft:wooden_sword":19,"minecraft:wooden_shovel":4,"minecraft:cooked_chicken":3,"minecraft:torch":91,"minecraft:dirt":11,"minecraft:granite":3,"minecraft:iron_axe":205,"alexsmobs:ghostly_pickaxe":292,"tombstone:gift":7,"minecraft:cherry_log":1,"minecraft:cobbled_deepslate":195,"minecraft:cherry_planks":2,"minecraft:salmon":2,"minecraft:crafting_table":7,"minecraft:white_bed":4,"justhammers:iron_hammer":43,"tombstone:bag_of_seeds":2,"minecraft:apple":16,"minecraft:iron_pickaxe":463,"tombstone:magic_scroll":3,"minecraft:fishing_rod":7,"minecraft:cobblestone":218,"minecraft:porkchop":2,"minecraft:cooked_porkchop":78,"alexsmobs:animal_dictionary":1}},"DataVersion":3465}