{"stats":{"minecraft:killed":{"minecraft:pig":2,"alexsmobs:tasmanian_devil":1,"born_in_chaos_v1:zombie_bruiser":1,"born_in_chaos_v1:decrepit_skeleton":1,"born_in_chaos_v1:maggot":5,"minecraft:zombie":2,"minecraft:enderman":1},"minecraft:dropped":{"minecraft:baked_potato":10,"minecraft:glass_bottle":1,"minecraft:rotten_flesh":5,"biomesoplenty:willow_log":1,"tombstone:grave_key":1,"minecraft:bone_meal":9,"minecraft:iron_axe":2,"minecraft:stone_pickaxe":1,"minecraft:bone":5,"minecraft:egg":1},"minecraft:picked_up":{"biomesoplenty:lavender":1,"biomesoplenty:redwood_log":2,"minecraft:air":0,"born_in_chaos_v1:corpse_maggot":2,"minecraft:coarse_dirt":5,"minecraft:crafting_table":2,"born_in_chaos_v1:monster_flesh":3,"regions_unexplored:silt_coarse_dirt":3,"minecraft:andesite":57,"minecraft:wooden_pickaxe":2,"alexsmobs:bison_fur":3,"artifacts:onion_ring":1,"minecraft:flint":5,"minecraft:oak_log":73,"minecraft:shield":1,"minecraft:dirt":32,"minecraft:raw_copper":16,"regions_unexplored:poppy_bush":1,"minecraft:iron_axe":3,"born_in_chaos_v1:monster_skin":1,"minecraft:bone":9,"artifacts:fire_gauntlet":1,"minecraft:apple":4,"minecraft:wheat_seeds":25,"minecraft:cobbled_deepslate":21,"duneons:tempestknifeblue":1,"minecraft:stone_pickaxe":3,"biomesoplenty:redwood_wood":112,"minecraft:chest":3,"minecraft:egg":2,"minecraft:book":1,"minecraft:stick":27,"minecraft:raw_iron":3,"minecraft:oak_fence":1,"minecraft:torch":5,"minecraft:poisonous_potato":2,"minecraft:gravel":28,"minecraft:porkchop":7,"minecraft:cherry_log":5,"iceandfire:rotten_egg":1,"tombstone:grave_dust":1,"minecraft:diorite":50,"born_in_chaos_v1:pieceofdarkmetal":2,"iter_rpg:stone_geode":1,"regions_unexplored:green_bioshroom":1,"minecraft:spider_eye":2,"minecraft:bundle":1,"biomesoplenty:flowering_oak_sapling":4,"minecraft:arrow":4,"artifacts:lucky_scarf":1,"minecraft:rotten_flesh":15,"biomesoplenty:willow_log":36,"biomesoplenty:willow_sapling":12,"regions_unexplored:mauve_log":6,"minecraft:bone_meal":19,"minecraft:granite":5,"farmersdelight:milk_bottle":1,"minecraft:totem_of_undying":1,"minecraft:bread":24,"biomesoplenty:redwood_sapling":2,"minecraft:baked_potato":62,"minecraft:oak_sapling":23,"minecraft:mutton":2,"iceandfire:raw_silver":3,"minecraft:rail":17,"minecraft:cobblestone":99},"minecraft:used":{"minecraft:diorite":19,"biomesoplenty:willow_log":1,"minecraft:stone_sword":9,"farmersdelight:milk_bottle":1,"minecraft:stone_pickaxe":238,"minecraft:baked_potato":15,"minecraft:chest":2,"minecraft:wooden_pickaxe":54,"regions_unexplored:mauve_log":1,"minecraft:torch":1,"minecraft:dirt":2,"minecraft:crafting_table":2,"born_in_chaos_v1:corpse_maggot":1,"minecraft:wooden_axe":32,"born_in_chaos_v1:monster_flesh":1,"minecraft:iron_axe":95,"minecraft:bread":1,"minecraft:stone_axe":133,"minecraft:wooden_sword":14,"minecraft:cobblestone":26,"minecraft:porkchop":6,"minecraft:andesite":1,"minecraft:poisonous_potato":1,"tombstone:gift":4,"minecraft:cobbled_deepslate":1},"minecraft:mined":{"regions_unexplored:green_bioshroom":1,"iceandfire:silver_ore":2,"minecraft:cherry_log":6,"minecraft:crafting_table":2,"minecraft:torch":2,"minecraft:granite":5,"minecraft:grass_block":8,"regions_unexplored:poppy_bush":2,"minecraft:chest":3,"biomesoplenty:flowering_oak_leaves":2,"iceandfire:deepslate_silver_ore":1,"minecraft:copper_ore":3,"minecraft:tall_grass":3,"minecraft:cobblestone":1,"regions_unexplored:mauve_log":1,"biomesoplenty:sprout":2,"biomesoplenty:willow_log":35,"minecraft:diorite":42,"minecraft:wall_torch":3,"minecraft:large_fern":21,"minecraft:coarse_dirt":5,"minecraft:iron_ore":2,"minecraft:andesite":13,"minecraft:bee_nest":1,"minecraft:grass":24,"biomesoplenty:clover":3,"minecraft:rail":17,"minecraft:oak_log":73,"biomesoplenty:redwood_log":2,"minecraft:gravel":20,"minecraft:dirt":19,"minecraft:podzol":2,"regions_unexplored:medium_grass":1,"minecraft:stone":96,"biomesoplenty:redwood_wood":131,"minecraft:deepslate":8,"minecraft:oak_leaves":4,"minecraft:fern":91},"minecraft:crafted":{"minecraft:wooden_sword":2,"minecraft:oak_planks":20,"minecraft:crafting_table":2,"minecraft:wooden_pickaxe":2,"biomesoplenty:willow_wood":3,"minecraft:stone_axe":2,"biomesoplenty:willow_planks":16,"minecraft:cooked_mutton":1,"minecraft:stick":28,"minecraft:stone_pickaxe":3,"minecraft:wooden_axe":1,"minecraft:stone_sword":2},"minecraft:broken":{"minecraft:stone_pickaxe":2,"minecraft:stone_axe":1,"minecraft:wooden_pickaxe":1},"minecraft:custom":{"minecraft:interact_with_furnace":4,"minecraft:mob_kills":13,"minecraft:interact_with_crafting_table":8,"minecraft:damage_dealt_resisted":35,"minecraft:leave_game":3,"minecraft:time_since_death":7178,"minecraft:climb_one_cm":62,"minecraft:time_since_rest":6189,"minecraft:sprint_one_cm":363169,"minecraft:damage_taken":5149,"minecraft:walk_one_cm":461850,"minecraft:drop":36,"minecraft:damage_dealt":2580,"minecraft:swim_one_cm":76975,"minecraft:fly_one_cm":254924,"minecraft:player_kills":1,"minecraft:open_chest":20,"minecraft:crouch_one_cm":2208,"minecraft:play_time":142839,"tombstone:undead_killed":4,"minecraft:deaths":13,"minecraft:sneak_time":1020,"minecraft:walk_under_water_one_cm":27383,"minecraft:jump":1779,"minecraft:walk_on_water_one_cm":64407,"minecraft:total_world_time":142839,"minecraft:fall_one_cm":32559,"minecraft:horse_one_cm":24},"minecraft:killed_by":{"born_in_chaos_v1:dread_hound":1}},"DataVersion":3465}