{"stats":{"minecraft:dropped":{"alexsmobs:crocodile_scute":2,"minecraft:sweet_berries":6,"minecraft:lapis_lazuli":23,"duneons:necromancerball":1,"alexsmobs:animal_dictionary":1,"minecraft:cobbled_deepslate":2,"tombstone:tablet_of_assistance":4,"patchouli:guide_book":1,"duneons:bluekinghat_chestplate":6,"duneons:bluekinghat_leggings":8,"duneons:bluekinghat_helmet":3,"farmersdelight:sweet_berry_cookie":12,"securitycraft:stone_mine":3},"minecraft:broken":{"minecraft:wooden_pickaxe":1},"minecraft:picked_up":{"duneons:bluekinghat_chestplate":6,"born_in_chaos_v1:corpse_maggot":2,"duneons:crystalblue":1,"minecraft:wheat":10,"minecraft:andesite":17,"minecraft:filled_map":1,"duneons:bluekinghat_leggings":8,"securitycraft:stone_mine":3,"minecraft:lapis_lazuli":23,"minecraft:dirt":2,"artifacts:flippers":1,"minecraft:bone":1,"minecraft:wheat_seeds":29,"minecraft:cobbled_deepslate":110,"farmersdelight:sweet_berry_cookie":1,"tombstone:tablet_of_assistance":3,"minecraft:deepslate_iron_ore":1,"minecraft:sweet_berries":28,"minecraft:torch":1,"minecraft:bowl":1,"duneons:necromancerball":1,"minecraft:diorite":1,"minecraft:mossy_cobblestone":1,"minecraft:spider_eye":1,"duneons:bluekinghat_helmet":3,"alexsmobs:crocodile_scute":2,"minecraft:cobblestone":40},"minecraft:crafted":{"minecraft:oak_planks":12,"securitycraft:mine":3,"minecraft:stone":10,"farmersdelight:sweet_berry_cookie":40,"minecraft:air":0,"minecraft:oak_trapdoor":2,"minecraft:flint_and_steel":1,"justhammers:iron_hammer":2,"minecraft:stick":16,"minecraft:iron_ingot":5,"minecraft:stone_pickaxe":2,"securitycraft:stone_mine":3},"minecraft:custom":{"minecraft:interact_with_furnace":28,"minecraft:mob_kills":1,"minecraft:interact_with_crafting_table":16,"minecraft:leave_game":1,"minecraft:time_since_death":16462,"minecraft:time_since_rest":16084,"minecraft:sprint_one_cm":64539,"minecraft:damage_taken":1664,"minecraft:walk_one_cm":239334,"minecraft:drop":67,"minecraft:damage_dealt":773,"minecraft:swim_one_cm":4306,"minecraft:fly_one_cm":19484,"minecraft:open_chest":62,"minecraft:crouch_one_cm":2422,"minecraft:play_time":67758,"minecraft:deaths":2,"minecraft:sneak_time":499,"minecraft:walk_under_water_one_cm":463,"minecraft:jump":278,"minecraft:walk_on_water_one_cm":161,"minecraft:total_world_time":67758,"minecraft:fall_one_cm":1306},"minecraft:killed":{"inventorypets:anvil_pet_entity":1},"minecraft:used":{"minecraft:oak_trapdoor":1,"securitycraft:stone_mine":3,"minecraft:wheat_seeds":13,"minecraft:diorite":1,"minecraft:flint_and_steel":1,"minecraft:stone_pickaxe":21,"minecraft:wooden_pickaxe":22,"minecraft:stone":6,"minecraft:torch":1,"justhammers:iron_hammer":1,"farmersdelight:sweet_berry_cookie":18,"tombstone:tablet_of_assistance":13,"duneons:crystalblue":1,"minecraft:cobblestone":4,"minecraft:sweet_berries":24,"minecraft:andesite":4,"tombstone:gift":2,"minecraft:cobbled_deepslate":156},"minecraft:mined":{"minecraft:cobblestone":3,"minecraft:diorite":1,"minecraft:wheat":11,"minecraft:cobbled_deepslate":10,"minecraft:fire":20,"minecraft:andesite":1,"minecraft:stone":8}},"DataVersion":3465}