{"stats":{"minecraft:custom":{"minecraft:interact_with_crafting_table":39,"minecraft:open_barrel":28,"minecraft:leave_game":25,"minecraft:time_since_death":134210,"minecraft:damage_resisted":3937,"minecraft:sprint_one_cm":1205916,"minecraft:drop":711,"minecraft:play_time":876663,"minecraft:deaths":12,"minecraft:jump":10955,"minecraft:walk_on_water_one_cm":119920,"minecraft:interact_with_furnace":25,"minecraft:interact_with_cartography_table":1,"minecraft:interact_with_loom":7,"minecraft:damage_dealt":64036,"minecraft:player_kills":2,"minecraft:crouch_one_cm":61327,"tombstone:undead_killed":83,"minecraft:horse_one_cm":45180,"minecraft:mob_kills":247,"minecraft:damage_dealt_resisted":1880,"minecraft:climb_one_cm":12280,"minecraft:walk_one_cm":2652990,"minecraft:sneak_time":20438,"minecraft:walk_under_water_one_cm":100788,"minecraft:boat_one_cm":36911,"minecraft:total_world_time":876663,"tombstone:raider_killed":4,"minecraft:interact_with_grindstone":1,"minecraft:time_since_rest":133856,"minecraft:damage_absorbed":540,"minecraft:damage_taken":32175,"minecraft:swim_one_cm":36975,"minecraft:fly_one_cm":1619683,"minecraft:open_chest":249,"minecraft:aviate_one_cm":5246450,"minecraft:fall_one_cm":656358},"minecraft:dropped":{"minecraft:iron_sword":1,"webdisplays:laserpointer":1,"duneons:miniredstonegolem":3,"minecraft:moss_block":18,"minecraft:brown_mushroom":10,"minecraft:porkchop":6,"minecraft:lapis_lazuli":20,"duneons:necromancerball":2,"minecraft:baked_potato":4173,"minecraft:ender_pearl":5,"minecraft:crafting_table":1,"duneons:charredgrassblock":4,"artifacts:shock_pendant":1,"minecraft:pitcher_pod":1,"legendary_monsters:ancient_spike":5,"artifacts:cloud_in_a_bottle":1,"tombstone:tablet_of_assistance":5,"bosses_of_mass_destruction:crystal_fruit":2,"alexscaves:moth_dust":1,"artifacts:flippers":2,"alexscaves:cloak_of_darkness":1,"born_in_chaos_v1:nightmare_claw":2,"artifacts:vampiric_glove":1,"paraglider:spirit_orb":4,"minecraft:flint":1,"minecraft:emerald":1,"artifacts:night_vision_goggles":1,"born_in_chaos_v1:monster_flesh":1,"minecraft:dirt":37,"duneons:burningpotion":1,"born_in_chaos_v1:monster_skin":7,"minecraft:crimson_roots":5,"icarus:lime_mechanical_leather_wings":1,"minecraft:wooden_sword":2,"alexscaves:cave_map":3,"minecraft:bone_block":1,"minecraft:phantom_membrane":3,"duneons:golden_axe":2,"minecraft:gold_ingot":19,"minecraft:bone":22,"minecraft:gravel":22,"alexscaves:hood_of_darkness":1,"duneons:basaltquadratilesgilded":6,"minecraft:sugar_cane":4,"minecraft:diamond_block":57,"minecraft:iron_nugget":36,"minecraft:cobbled_deepslate":2837,"minecraft:wheat":2,"duneons:darkkatana":1,"duneons:keydiamond":2,"minecraft:pointed_dripstone":19,"born_in_chaos_v1:ethereal_spirit":4,"minecraft:cherry_sapling":66,"minecraft:rotten_flesh":35,"minecraft:oak_planks":45,"duneons:bowspooky_1gearpulling":1,"justhammers:iron_hammer":1,"patchouli:guide_book":2,"iter_rpg:vile_tissue":2,"duneons:bluekinghat_chestplate":7,"duneons:enderhammer":1,"duneons:whip_gear":1,"minecraft:gunpowder":1,"minecraft:beetroot_seeds":29,"born_in_chaos_v1:corpse_maggot":7,"iter_rpg:seashell":2,"securitycraft:stone_mine":1,"inventorypets:pet_lead":1,"minecraft:painting":1,"minecraft:arrow":16,"minecraft:netherrack":2,"alexsmobs:mosquito_proboscis":1,"webdisplays:minepad":2,"minecraft:iron_ingot":6,"minecraft:bread":153,"regions_unexplored:magnolia_planks":13,"duneons:soullanternitem":1,"duneons:dungeonscharredcobblestoneslab":1,"minecraft:cherry_log":2,"luminousworld:ishstone":2,"inventorypets:pet_christmas_tree":1,"duneons:piglin_armor_1_chestplate":1,"duneons:purplevangardpotion":1,"duneons:soul_scythe":3,"tombstone:tablet_of_guard":1,"minecraft:cobblestone":428,"minecraft:book":1,"minecraft:amethyst_block":64,"duneons:piglin_armor_1_boots":1,"minecraft:coal":32,"minecraft:stick":17,"mca:wedding_ring":2,"inventorypets:pet_cow":3,"duneons:bluekinghat_leggings":6,"duneons:bluekinghat_helmet":10,"minecraft:diorite":7,"regions_unexplored:salmon_poppy_bush":58,"inventorypets:pet_iron_golem":2,"minecraft:nether_wart_block":1,"iter_rpg:demonbone_fragments":2,"born_in_chaos_v1:fused_bone":3,"duneons:iceoakwoodfence":1,"tombstone:grave_dust":5,"regions_unexplored:silt_coarse_dirt":3,"duneons:dungeonscharredcobblestone":1,"inventorypets:pet_sun":1,"regions_unexplored:silver_birch_leaf_pile":12,"icarus:black_mechanical_feathered_wings":1,"iceandfire:dragonsteel_fire_sword":1,"minecraft:string":2,"duneons:featherblue":1,"tombstone:voodoo_poppet":1,"iceandfire:dragon_skull_fire":1,"minecraft:lapis_block":59,"iceandfire:dragonscales_bronze":6,"iter_rpg:potsherd":2,"iceandfire:silver_nugget":28,"minecraft:sweet_berries":95,"duneons:goldmace":2,"alexsmobs:crocodile_scute":3,"alexsmobs:maggot":1,"regions_unexplored:larch_log":2,"duneons:souihealer":2,"duneons:red_stone_golem_skull":13,"minecraft:raw_copper":28,"iceandfire:armor_blue_chestplate":1,"minecraft:bowl":3,"bosses_of_mass_destruction:void_thorn":3,"minecraft:deepslate":71,"minecraft:tuff":199,"farmersdelight:cabbage_seeds":1,"duneons:magicwand":5,"duneons:oakwoodbrew":1,"sophisticatedbackpacks:backpack":1,"regions_unexplored:mauve_log":11,"minecraft:suspicious_stew":1,"minecraft:potato":1784,"minecraft:hay_block":12,"simplyswords:iron_scythe":2,"farmersdelight:fried_egg":2,"aether:iron_gloves":2,"minecraft:diamond_chestplate":1,"minecraft:diamond_pickaxe":3,"minecraft:andesite":5,"artifacts:steadfast_spikes":1,"alexscaves:spelunkie":1,"minecraft:spider_eye":1,"legendary_monsters:anchor_handle":1,"iceandfire:fire_dragon_heart":1,"minecraft:bow":1,"duneons:endermanstatue":2,"iceandfire:dragonbone_sword_lightning":1,"minecraft:wooden_pickaxe":1,"born_in_chaos_v1:supreme_measure":1,"regions_unexplored:silt_dirt":15,"alexscaves:pure_darkness":4,"artifacts:snowshoes":2,"tombstone:tablet_of_cupidity":1,"duneons:golden_sword":1},"minecraft:crafted":{"minecraft:oak_planks":76,"iceandfire:armor_blue_helmet":1,"iceandfire:armor_black_helmet":1,"justhammers:diamond_hammer":4,"minecraft:chest":2,"iceandfire:armor_blue_boots":1,"minecraft:crafting_table":11,"minecraft:wooden_pickaxe":1,"minecraft:baked_potato":247,"minecraft:birch_planks":20,"iceandfire:armor_blue_leggings":1,"sophisticatedbackpacks:diamond_backpack":1,"minecraft:stick":28,"minecraft:cherry_planks":4,"minecraft:wooden_sword":1,"iceandfire:armor_blue_chestplate":1,"minecraft:furnace":2,"alexscaves:cave_map":2,"alexscaves:darkened_apple":1,"iceandfire:armor_black_chestplate":1,"regions_unexplored:magnolia_planks":16,"minecraft:wheat":190,"sophisticatedbackpacks:iron_backpack":1,"iceandfire:armor_black_leggings":1,"minecraft:diamond_sword":1,"iceandfire:armor_black_boots":1,"sophisticatedbackpacks:gold_backpack":1,"minecraft:bread":277,"minecraft:air":0,"justhammers:iron_hammer":1},"minecraft:mined":{"alexscaves:guanostone":8,"regions_unexplored:yellow_bioshroom_block":1,"minecraft:sculk_vein":2,"regions_unexplored:magnolia_log":4,"duneons:charredstone":2,"minecraft:budding_amethyst":2,"minecraft:grass_block":4,"biomesoplenty:flowering_oak_leaves":1,"minecraft:soul_soil":1,"minecraft:spawner":3,"minecraft:tall_seagrass":2,"minecraft:weeping_vines_plant":1,"duneons:charredgrassblock":13,"minecraft:iron_ore":1,"minecraft:fire":34,"minecraft:cobbled_deepslate":2,"minecraft:pointed_dripstone":29,"minecraft:small_amethyst_bud":1,"minecraft:azalea":1,"create:veridium":3,"biomesoplenty:jacaranda_leaves":4,"minecraft:brown_mushroom":1,"minecraft:blackstone":4,"biomesoplenty:jacaranda_planks":4,"minecraft:amethyst_cluster":1,"regions_unexplored:corpse_flower":1,"minecraft:powder_snow":3,"minecraft:torch":1,"regions_unexplored:bladed_tall_grass":2,"minecraft:calcite":1,"minecraft:glass":1,"minecraft:cobblestone":8,"minecraft:oak_planks":2,"bosses_of_mass_destruction:vine_wall":1,"minecraft:amethyst_block":3,"minecraft:cherry_fence":1,"minecraft:nether_wart_block":1,"regions_unexplored:silt_coarse_dirt":1,"regions_unexplored:mauve_leaves":1,"minecraft:grass":54,"biomesoplenty:clover":7,"minecraft:oak_log":4,"duneons:blacknetherbricks":1,"minecraft:dirt":1,"duneons:dungeonscharreddirt":3,"minecraft:netherrack":10,"minecraft:deepslate":60,"biomesoplenty:reed":4,"minecraft:tuff":1,"biomesoplenty:watergrass":12,"minecraft:deepslate_diamond_ore":1,"duneons:t_map_table_nether":1,"minecraft:glow_lichen":2,"minecraft:nether_bricks":1,"regions_unexplored:poppy_bush":7,"minecraft:crimson_roots":3,"minecraft:moss_block":15,"minecraft:packed_mud":6,"bosses_of_mass_destruction:void_blossom":9,"duneons:mixedblacknetherbricks":1,"minecraft:andesite":6,"minecraft:diamond_block":5,"duneons:books":1,"duneons:wiremeshblock":1,"minecraft:potatoes":17,"regions_unexplored:medium_grass":6,"minecraft:stone":8,"regions_unexplored:bladed_grass":2,"duneons:pillagerfurnace":1,"minecraft:crafting_table":1,"regions_unexplored:salmon_poppy_bush":11,"minecraft:tall_grass":14,"regions_unexplored:mauve_log":5,"biomesoplenty:sprout":2,"minecraft:sculk":36,"minecraft:diorite":8,"minecraft:coarse_dirt":1,"minecraft:polished_blackstone_slab":1,"iter_rpg:abyss_quartz":1,"minecraft:birch_leaves":11,"minecraft:gravel":10,"regions_unexplored:silver_birch_log":3,"minecraft:cobweb":31,"biomesoplenty:stringy_cobweb":1,"minecraft:polished_blackstone":5,"duneons:sandspawn":1,"minecraft:fern":1},"minecraft:killed_by":{"iceandfire:ice_dragon":2,"iceandfire:fire_dragon":1,"minecraft:player":1},"minecraft:broken":{"duneons:crumsoncoresword":3,"iceandfire:armor_blue_helmet":1,"duneons:golden_sword":1,"iceandfire:armor_blue_leggings":1,"iceandfire:armor_blue_boots":1,"justhammers:diamond_hammer":3,"duneons:piglin_armor_1_helmet":1},"minecraft:used":{"minecraft:chest":2,"minecraft:rotten_flesh":3,"duneons:piglin_armor_1_boots":1,"legendary_monsters:ancient_dripstone_block":2,"minecraft:tuff":19,"farmersdelight:sweet_berry_cookie":1,"born_in_chaos_v1:corpse_maggot":2,"iceandfire:armor_black_leggings":1,"iceandfire:armor_black_helmet":1,"iceandfire:dragonsteel_fire_sword":26,"simplyswords:iron_scythe":47,"minecraft:bow":1,"minecraft:sweet_berries":59,"minecraft:furnace":2,"duneons:endermanstatue":2,"minecraft:potato":120,"minecraft:oak_planks":6,"duneons:miniredstonegolem":1,"minecraft:ender_pearl":2,"duneons:charredgrassblock":1,"minecraft:stripped_birch_log":14,"iceandfire:armor_blue_helmet":1,"minecraft:wooden_pickaxe":31,"minecraft:golden_apple":18,"alexscaves:darkened_apple":1,"minecraft:glow_berries":1,"iceandfire:dragonbone_sword_lightning":104,"iceandfire:armor_blue_leggings":1,"born_in_chaos_v1:monster_flesh":1,"minecraft:bread":97,"iceandfire:ice_dragon_flesh":4,"iceandfire:armor_black_boots":1,"minecraft:gravel":4,"minecraft:diamond_sword":408,"minecraft:wooden_sword":19,"iceandfire:dragon_skull_fire":25,"duneons:darkkatana":1,"minecraft:iron_bars":4,"born_in_chaos_v1:ethereal_spirit":2,"minecraft:torch":23,"duneons:crumsoncoresword":285,"born_in_chaos_v1:supreme_measure":3,"iceandfire:armor_blue_chestplate":1,"iceandfire:armor_blue_boots":1,"minecraft:diamond_chestplate":1,"duneons:enderhammer":2,"tombstone:gift":2,"farmersdelight:fried_egg":88,"minecraft:cobbled_deepslate":16,"iceandfire:fire_dragon_flesh":1,"minecraft:baked_potato":106,"duneons:golden_sword":365,"minecraft:diamond_block":12,"duneons:basaltquadratilesgilded":1,"justhammers:diamond_hammer":1647,"minecraft:crafting_table":12,"justhammers:iron_hammer":81,"minecraft:diamond_pickaxe":148,"minecraft:apple":95,"tombstone:tablet_of_assistance":5,"minecraft:suspicious_stew":1,"minecraft:netherite_axe":1,"alexscaves:spelunkie":63,"alexscaves:subterranodon_egg":1,"minecraft:cobblestone":71,"iceandfire:armor_black_chestplate":1,"minecraft:cooked_porkchop":13},"minecraft:picked_up":{"minecraft:wheat":1,"regions_unexplored:magnolia_log":4,"minecraft:suspicious_stew":3,"artifacts:bunny_hoppers":1,"aether:iron_gloves":1,"regions_unexplored:silt_dirt":15,"alexscaves:cave_tablet":3,"minecraft:enchanted_book":1,"duneons:oakwoodbrew":1,"securitycraft:stone_mine":1,"minecraft:amethyst_block":61,"minecraft:string":8,"iter_rpg:unidentified_spell":1,"minecraft:raw_copper":28,"alexscaves:pure_darkness":8,"iter_rpg:vile_tissue":2,"minecraft:cobbled_deepslate":2737,"duneons:piglin_armor_1_chestplate":2,"iter_rpg:demonbone_fragments":2,"duneons:iceoakwoodfence":1,"biomesoplenty:redwood_wood":2,"farmersdelight:cabbage_seeds":1,"mca:wedding_ring":1,"minecraft:tipped_arrow":1,"minecraft:stick":11,"duneons:soullanternitem":1,"minecraft:torch":23,"minecraft:porkchop":6,"duneons:magicwand":6,"iceandfire:rotten_egg":1,"minecraft:cherry_log":3,"tombstone:grave_dust":4,"minecraft:pointed_dripstone":19,"minecraft:diorite":7,"born_in_chaos_v1:nightmare_claw":2,"duneons:endermanstatue":4,"duneons:piglin_armor_1_boots":2,"farmersdelight:fried_egg":88,"minecraft:rotten_flesh":49,"duneons:golden_axe":2,"regions_unexplored:mauve_log":11,"iceandfire:fire_dragon_heart":2,"duneons:soul_scythe":4,"duneons:basaltquadratilesgilded":6,"duneons:goldmace":4,"minecraft:obsidian":7,"minecraft:cobblestone":566,"minecraft:feather":4,"minecraft:andesite":5,"duneons:piglin_armor_1_helmet":2,"minecraft:potato":102,"duneons:bluekinghat_leggings":6,"biomesoplenty:fir_sapling":3,"paraglider:spirit_orb":5,"minecraft:flint":1,"minecraft:tuff":183,"create:raw_zinc":35,"duneons:purplevangardpotion":4,"artifacts:flame_pendant":1,"minecraft:lapis_lazuli":156,"artifacts:flippers":1,"minecraft:dirt":37,"iceandfire:dragonscales_bronze":6,"artifacts:shock_pendant":1,"born_in_chaos_v1:monster_skin":7,"minecraft:bone":33,"minecraft:bow":1,"duneons:bow_spooky_1_gear":1,"farmersdelight:sweet_berry_cookie":1,"minecraft:raw_gold":41,"inventorypets:pet_iron_golem":2,"duneons:pillagerfurnace":1,"minecraft:moss_block":18,"minecraft:oak_planks":46,"minecraft:pitcher_pod":1,"duneons:souihealer":2,"duneons:red_stone_golem_skull":13,"iter_rpg:seashell":2,"minecraft:cooked_porkchop":13,"patchouli:guide_book":1,"bosses_of_mass_destruction:crystal_fruit":2,"duneons:dungeonscharredcobblestoneslab":1,"iceandfire:dragon_skull_fire":25,"minecraft:diamond_block":5,"minecraft:bundle":1,"minecraft:deepslate":71,"minecraft:diamond":85,"legendary_monsters:anchor_handle":1,"artifacts:crystal_heart":2,"webdisplays:minepad":1,"alexscaves:hood_of_darkness":1,"legendary_monsters:chiseled_ancient_dripstone_shard":2,"minecraft:granite":40,"minecraft:golden_apple":1,"minecraft:bread":2,"minecraft:emerald":2,"alexsmobs:maggot":1,"minecraft:netherrack":2,"iceandfire:silver_nugget":28,"minecraft:crimson_roots":5,"minecraft:diamond_pickaxe":3,"minecraft:crafting_table":1,"artifacts:night_vision_goggles":1,"regions_unexplored:silt_coarse_dirt":6,"minecraft:golden_pickaxe":1,"minecraft:brown_mushroom":10,"legendary_monsters:ancient_spike":16,"minecraft:wooden_sword":1,"born_in_chaos_v1:intoxicating_decoction":1,"iter_rpg:coin":1,"minecraft:sugar_cane":4,"tombstone:tablet_of_assistance":5,"minecraft:egg":13,"minecraft:phantom_membrane":3,"minecraft:raw_iron":42,"iceandfire:dragonbone":36,"iceandfire:dragonscales_gray":73,"regions_unexplored:silver_birch_leaf_pile":8,"minecraft:bowl":2,"sophisticatedbackpacks:backpack":1,"artifacts:vampiric_glove":1,"bosses_of_mass_destruction:void_thorn":3,"luminousworld:beastiary":1,"inventorypets:pet_cow":3,"born_in_chaos_v1:pieceofdarkmetal":10,"born_in_chaos_v1:charmof_endurance":1,"minecraft:redstone":61,"duneons:burningpotion":2,"alexsmobs:crocodile_scute":3,"minecraft:arrow":64,"simplyswords:iron_scythe":1,"artifacts:snowshoes":2,"minecraft:gold_ingot":5,"sophisticatedbackpacks:copper_backpack":1,"biomesoplenty:redwood_sapling":1,"minecraft:glow_berries":1,"minecraft:mutton":3,"minecraft:white_wool":2,"minecraft:bone_block":1,"duneons:bluekinghat_chestplate":8,"born_in_chaos_v1:fused_bone":3,"born_in_chaos_v1:corpse_maggot":8,"born_in_chaos_v1:monster_flesh":2,"artifacts:digging_claws":1,"luminousworld:ishstone":2,"minecraft:leather":4,"minecraft:packed_mud":6,"minecraft:oak_log":3,"artifacts:cloud_in_a_bottle":2,"minecraft:gunpowder":9,"biomesoplenty:jacaranda_planks":4,"minecraft:nether_wart_block":1,"regions_unexplored:salmon_poppy_bush":58,"iceandfire:dragonscales_blue":54,"alexsmobs:mosquito_proboscis":2,"minecraft:paper":32,"duneons:charredgrassblock":5,"alexscaves:cloak_of_darkness":1,"minecraft:kelp":1,"duneons:crumsoncoresword":4,"iter_rpg:potsherd":2,"minecraft:iron_ingot":5,"artifacts:whoopee_cushion":1,"tombstone:bag_of_seeds":1,"artifacts:steadfast_spikes":1,"minecraft:iron_sword":1,"iceandfire:fire_dragon_flesh":12,"minecraft:book":1,"duneons:keydiamond":5,"alexscaves:moth_dust":1,"duneons:dungeonscharredcobblestone":1,"minecraft:sweet_berries":11,"born_in_chaos_v1:ethereal_spirit":8,"minecraft:gravel":26,"duneons:necromancerball":2,"born_in_chaos_v1:dark_rod":2,"duneons:bluekinghat_helmet":11,"minecraft:spider_eye":8,"duneons:featherblue":1,"webdisplays:laserpointer":1,"regions_unexplored:silver_birch_log":3,"minecraft:iron_helmet":1,"minecraft:painting":1,"minecraft:cherry_sapling":2,"duneons:golden_sword":1,"iceandfire:ice_dragon_flesh":4,"minecraft:baked_potato":4168,"alexscaves:cave_map":1,"duneons:keygold":1,"tombstone:magic_scroll":1,"duneons:miniredstonegolem":4,"minecraft:coal":133,"minecraft:ender_pearl":7},"minecraft:killed":{"born_in_chaos_v1:zombie_clown":1,"minecraft:cave_spider":6,"minecraft:witch":1,"alexsmobs:anaconda":1,"born_in_chaos_v1:zombie_lumberjack":2,"born_in_chaos_v1:restless_spirit":3,"mythicmounts:dragon":1,"minecraft:spider":1,"duneons:wraith":2,"born_in_chaos_v1:siamese_skeletonsright":4,"born_in_chaos_v1:baby_skeleton_minion":2,"born_in_chaos_v1:scarlet_persecutor":2,"minecraft:skeleton":21,"alexscaves:underzealot":5,"born_in_chaos_v1:skeleton_thrasher":1,"duneons:redstonegolem":4,"minecraft:silverfish":7,"alexsmobs:laviathan":1,"minecraft:piglin_brute":3,"artifacts:mimic":3,"born_in_chaos_v1:bonescaller":2,"minecraft:pig":2,"minecraft:zombie_villager":1,"iter_rpg:spiderling":9,"inventorypets:anvil_pet_entity":1,"minecraft:creeper":2,"minecraft:sheep":2,"legendary_monsters:ancient_guardian":1,"minecraft:zombie":21,"born_in_chaos_v1:dread_hound":3,"born_in_chaos_v1:corpse_fly":15,"alexsmobs:fly":2,"born_in_chaos_v1:door_knight":1,"born_in_chaos_v1:siamese_skeletonsleft":4,"alexscaves:corrodent":1,"born_in_chaos_v1:missioner":2,"mca:male_zombie_villager":1,"alexscaves:vesper":1,"luminousworld:sunken_skeleton":2,"minecraft:slime":1,"born_in_chaos_v1:zombie_bruiser":3,"born_in_chaos_v1:firelight":2,"born_in_chaos_v1:maggot":13,"minecraft:phantom":3,"alexsmobs:blue_jay":1,"iceandfire:fire_dragon":1,"mythicmounts:geckotoalizard":1,"duneons:blazespawner":1,"born_in_chaos_v1:fallen_chaos_knight":1,"born_in_chaos_v1:baby_skeleton":2,"duneons:redstone_pigman_monstrosity":1,"born_in_chaos_v1:swarmer":2,"legendary_monsters:ambusher":2,"bosses_of_mass_destruction:void_blossom":1,"born_in_chaos_v1:decrepit_skeleton":10,"born_in_chaos_v1:bloody_gadfly":1,"born_in_chaos_v1:decaying_zombie":1,"alexsmobs:crocodile":1,"legendary_monsters:spiky_bug":24,"born_in_chaos_v1:dark_vortex":2,"iter_rpg:giant_spider":2,"iter_rpg:scallop":1}},"DataVersion":3465}