{"stats":{"minecraft:mined":{"regions_unexplored:frozen_grass":1},"minecraft:custom":{"minecraft:jump":169,"minecraft:open_chest":1,"minecraft:time_since_rest":6812,"minecraft:crouch_one_cm":4797,"minecraft:leave_game":3,"minecraft:play_time":6812,"minecraft:sprint_one_cm":22103,"minecraft:damage_taken":110,"minecraft:time_since_death":6812,"minecraft:walk_one_cm":26206,"minecraft:sneak_time":515,"minecraft:total_world_time":6812,"minecraft:fall_one_cm":6695,"minecraft:fly_one_cm":30359},"minecraft:used":{"alexsmobs:animal_dictionary":4}},"DataVersion":3465}