{"stats":{"minecraft:dropped":{"minecraft:iron_ingot":4,"iceandfire:raw_silver":1,"minecraft:baked_potato":3,"alexsmobs:animal_dictionary":1,"minecraft:cobbled_deepslate":13,"minecraft:raw_copper":2,"minecraft:crafting_table":1,"minecraft:poisonous_potato":4,"biomesoplenty:lavender":2,"minecraft:oak_fence":1,"minecraft:cobblestone":3,"minecraft:rotten_flesh":4,"iceandfire:ectoplasm":2,"minecraft:rail":1,"minecraft:stick":2,"minecraft:dirt":7,"minecraft:potato":11,"minecraft:diorite":3,"tombstone:grave_key":4,"minecraft:andesite":56,"tombstone:grave_dust":1,"minecraft:bone_meal":3,"minecraft:wooden_pickaxe":1,"minecraft:string":2},"minecraft:broken":{"minecraft:stone_pickaxe":2},"minecraft:picked_up":{"biomesoplenty:lavender":2,"minecraft:crafting_table":4,"minecraft:golden_carrot":1,"minecraft:andesite":59,"minecraft:potato":322,"minecraft:oak_log":1,"tombstone:grave_key":2,"iceandfire:ectoplasm":3,"minecraft:shield":1,"minecraft:dirt":8,"minecraft:string":2,"minecraft:raw_copper":2,"minecraft:bone":3,"minecraft:cobbled_deepslate":13,"biomesoplenty:redwood_wood":2,"minecraft:oak_planks":6,"minecraft:furnace":2,"minecraft:egg":1,"minecraft:stick":1,"minecraft:raw_iron":5,"minecraft:oak_fence":1,"born_in_chaos_v1:phantom_powder":2,"minecraft:torch":4,"minecraft:poisonous_potato":4,"minecraft:diorite":3,"alexsmobs:raw_catfish":3,"minecraft:arrow":4,"minecraft:rotten_flesh":4,"regions_unexplored:silver_birch_log":5,"minecraft:bone_meal":3,"minecraft:bread":38,"minecraft:coal":87,"minecraft:rail":2,"iceandfire:raw_silver":2,"minecraft:cobblestone":165},"minecraft:crafted":{"minecraft:oak_planks":4,"minecraft:crafting_table":2,"simplyswords:iron_spear":1,"biomesoplenty:redwood_planks":8,"minecraft:wooden_pickaxe":1,"minecraft:baked_potato":92,"minecraft:furnace":1,"minecraft:birch_planks":20,"minecraft:air":0,"minecraft:stick":48,"minecraft:iron_ingot":8,"minecraft:iron_pickaxe":1,"minecraft:stone_pickaxe":6,"minecraft:stone_sword":2,"alexsmobs:cooked_catfish":3,"minecraft:torch":16},"minecraft:custom":{"minecraft:interact_with_furnace":30,"minecraft:mob_kills":5,"minecraft:interact_with_crafting_table":20,"minecraft:leave_game":2,"minecraft:time_since_death":56221,"minecraft:climb_one_cm":83,"minecraft:time_since_rest":55482,"minecraft:sprint_one_cm":181560,"minecraft:damage_taken":1845,"minecraft:walk_one_cm":197594,"minecraft:trigger_trapped_chest":1,"minecraft:drop":58,"minecraft:damage_dealt":1664,"minecraft:swim_one_cm":32880,"minecraft:fly_one_cm":141599,"minecraft:open_chest":26,"minecraft:play_time":101403,"minecraft:crouch_one_cm":2834,"tombstone:undead_killed":4,"minecraft:deaths":4,"minecraft:sneak_time":744,"minecraft:walk_under_water_one_cm":23452,"minecraft:jump":927,"minecraft:walk_on_water_one_cm":36118,"minecraft:total_world_time":101403,"minecraft:fall_one_cm":13140},"minecraft:killed":{"minecraft:spider":1,"born_in_chaos_v1:decrepit_skeleton":1,"minecraft:skeleton":1,"iceandfire:ghost":2},"minecraft:used":{"minecraft:stone_sword":18,"minecraft:stone_pickaxe":312,"minecraft:baked_potato":11,"minecraft:wooden_pickaxe":19,"minecraft:torch":5,"minecraft:dirt":1,"minecraft:rail":1,"minecraft:crafting_table":3,"minecraft:bread":4,"minecraft:iron_pickaxe":6,"minecraft:furnace":2,"minecraft:andesite":1,"tombstone:gift":1,"alexsmobs:animal_dictionary":1,"minecraft:egg":1,"minecraft:potato":241},"minecraft:mined":{"biomesoplenty:watergrass":11,"iceandfire:silver_ore":1,"minecraft:crafting_table":3,"minecraft:grass_block":3,"minecraft:tall_grass":1,"biomesoplenty:sprout":1,"minecraft:oak_planks":2,"minecraft:diorite":3,"minecraft:wall_torch":3,"minecraft:tall_seagrass":2,"minecraft:furnace":2,"minecraft:iron_ore":5,"minecraft:andesite":57,"minecraft:potatoes":79,"minecraft:coal_ore":59,"regions_unexplored:silver_birch_log":6,"minecraft:dirt":5,"regions_unexplored:apple_oak_leaves":5,"minecraft:stone":166,"biomesoplenty:redwood_wood":2,"minecraft:oak_leaves":1,"minecraft:deepslate":13,"minecraft:fern":1}},"DataVersion":3465}