{"stats":{"minecraft:killed":{"minecraft:spider":1,"born_in_chaos_v1:maggot":2,"minecraft:skeleton":2,"born_in_chaos_v1:baby_skeleton":3,"born_in_chaos_v1:swarmer":1,"minecraft:creeper":2,"minecraft:zombie":3,"born_in_chaos_v1:corpse_fly":11},"minecraft:dropped":{"sophisticatedbackpacks:iron_backpack":1,"minecraft:bread":5,"minecraft:wheat_seeds":2,"minecraft:granite":1,"minecraft:oxeye_daisy":1,"regions_unexplored:salmon_poppy_bush":11,"tombstone:grave_key":4,"minecraft:rose_bush":1,"biomesoplenty:flowering_oak_sapling":2,"tombstone:grave_dust":1,"minecraft:iron_axe":2,"regions_unexplored:poppy_bush":6,"minecraft:iron_pickaxe":3,"minecraft:stone_sword":1,"minecraft:cobbled_deepslate":768,"minecraft:cherry_sapling":3,"justhammers:iron_hammer":1,"minecraft:shield":2,"minecraft:oak_sapling":5,"minecraft:spider_eye":1,"minecraft:wooden_pickaxe":2,"minecraft:stone_pickaxe":3},"minecraft:picked_up":{"minecraft:crafting_table":6,"minecraft:wheat":9,"regions_unexplored:silt_coarse_dirt":2,"regions_unexplored:silt_dirt":18,"tombstone:grave_key":3,"minecraft:amethyst_block":17,"minecraft:string":4,"minecraft:raw_copper":39,"regions_unexplored:poppy_bush":11,"minecraft:iron_axe":1,"minecraft:cobbled_deepslate":1686,"minecraft:rose_bush":1,"minecraft:calcite":16,"minecraft:iron_pickaxe":2,"tombstone:tablet_of_assistance":1,"minecraft:chest":2,"minecraft:furnace":4,"minecraft:stick":7,"minecraft:raw_iron":50,"minecraft:torch":66,"minecraft:cherry_log":1,"tombstone:grave_dust":1,"minecraft:diorite":87,"minecraft:redstone":84,"minecraft:arrow":2,"minecraft:rotten_flesh":5,"create:asurine":17,"minecraft:cobblestone":961,"born_in_chaos_v1:corpse_maggot":13,"minecraft:andesite":30,"minecraft:flint":5,"minecraft:oak_log":23,"minecraft:tuff":85,"create:raw_zinc":3,"minecraft:gunpowder":3,"regions_unexplored:salmon_poppy_bush":22,"minecraft:lapis_lazuli":7,"minecraft:dirt":69,"minecraft:bone":8,"minecraft:apple":1,"minecraft:wheat_seeds":57,"minecraft:raw_gold":14,"minecraft:stone_pickaxe":2,"minecraft:iron_ingot":14,"minecraft:glass_bottle":1,"minecraft:oak_planks":2,"minecraft:smooth_basalt":10,"minecraft:gravel":45,"minecraft:amethyst_shard":16,"sophisticatedbackpacks:iron_backpack":2,"minecraft:mossy_stone_brick_slab":1,"minecraft:spider_eye":3,"biomesoplenty:flowering_oak_sapling":3,"minecraft:granite":120,"minecraft:cherry_sapling":3,"minecraft:emerald":2,"minecraft:bread":15,"minecraft:baked_potato":5,"minecraft:oak_sapling":5,"minecraft:coal":85,"iceandfire:raw_silver":3},"minecraft:used":{"regions_unexplored:silt_dirt":18,"minecraft:flint_and_steel":10,"minecraft:stone_shovel":47,"minecraft:chest":6,"minecraft:iron_sword":147,"minecraft:wooden_shovel":13,"minecraft:rotten_flesh":2,"minecraft:stone_hoe":41,"minecraft:oak_door":2,"minecraft:torch":147,"minecraft:dirt":33,"minecraft:tuff":1,"minecraft:granite":2,"regions_unexplored:salmon_poppy_bush":8,"minecraft:iron_axe":41,"alexsmobs:ghostly_pickaxe":184,"minecraft:furnace":4,"tombstone:gift":2,"minecraft:cobbled_deepslate":150,"minecraft:wheat_seeds":35,"minecraft:water_bucket":9,"minecraft:diorite":12,"minecraft:baked_potato":7,"minecraft:stone_pickaxe":574,"minecraft:oak_planks":2,"minecraft:wooden_pickaxe":28,"minecraft:crafting_table":10,"justhammers:iron_hammer":171,"minecraft:apple":1,"minecraft:bread":22,"minecraft:iron_pickaxe":255,"minecraft:gravel":10,"minecraft:cobblestone":174,"minecraft:andesite":17,"regions_unexplored:silt_coarse_dirt":1,"minecraft:bucket":9},"minecraft:mined":{"minecraft:tuff":8,"minecraft:farmland":1,"iceandfire:silver_ore":3,"minecraft:granite":31,"minecraft:grass_block":5,"regions_unexplored:poppy_bush":2,"biomesoplenty:flowering_oak_leaves":4,"minecraft:furnace":4,"minecraft:iron_ore":34,"minecraft:cobbled_deepslate":6,"minecraft:andesite":24,"create:asurine":17,"minecraft:deepslate_iron_ore":13,"regions_unexplored:medium_grass":4,"minecraft:stone":442,"regions_unexplored:silt_grass_block":3,"minecraft:deepslate_redstone_ore":1,"minecraft:amethyst_cluster":4,"minecraft:crafting_table":6,"minecraft:torch":9,"minecraft:emerald_ore":2,"regions_unexplored:salmon_poppy_bush":11,"minecraft:calcite":15,"regions_unexplored:silt_dirt":15,"minecraft:chest":2,"minecraft:tall_grass":3,"minecraft:copper_ore":1,"minecraft:cobblestone":18,"minecraft:deepslate_coal_ore":13,"biomesoplenty:sprout":27,"minecraft:deepslate_gold_ore":11,"minecraft:oak_planks":2,"minecraft:diorite":53,"minecraft:wall_torch":31,"minecraft:amethyst_block":10,"regions_unexplored:silt_coarse_dirt":2,"minecraft:wheat":10,"minecraft:grass":256,"biomesoplenty:clover":16,"minecraft:oak_log":23,"minecraft:coal_ore":63,"minecraft:gravel":51,"minecraft:dirt":29,"minecraft:cobweb":2,"minecraft:smooth_basalt":10,"minecraft:gold_ore":2,"minecraft:oak_leaves":5,"minecraft:deepslate":225},"minecraft:broken":{"minecraft:stone_pickaxe":4,"minecraft:iron_pickaxe":1},"minecraft:crafted":{"minecraft:cherry_planks":192,"minecraft:oak_door":3,"minecraft:oak_planks":132,"minecraft:stone_shovel":1,"minecraft:iron_nugget":9,"minecraft:furnace":2,"minecraft:flint_and_steel":1,"minecraft:iron_boots":1,"minecraft:iron_axe":1,"minecraft:stone_pickaxe":6,"minecraft:chest":4,"minecraft:stone_hoe":1,"minecraft:wooden_shovel":1,"minecraft:crafting_table":5,"minecraft:wooden_pickaxe":2,"minecraft:baked_potato":2,"minecraft:iron_sword":1,"minecraft:bucket":1,"minecraft:bread":3,"minecraft:air":0,"justhammers:iron_hammer":4,"minecraft:iron_chestplate":1,"minecraft:charcoal":7,"minecraft:shield":2,"minecraft:stick":68,"minecraft:iron_pickaxe":2,"minecraft:iron_ingot":40,"minecraft:stone_sword":1,"minecraft:iron_leggings":1,"minecraft:torch":88},"minecraft:custom":{"minecraft:mob_kills":26,"minecraft:interact_with_crafting_table":45,"minecraft:damage_dealt_resisted":9,"minecraft:leave_game":6,"minecraft:time_since_death":40636,"minecraft:sprint_one_cm":280080,"minecraft:walk_one_cm":488608,"minecraft:drop":56,"minecraft:play_time":187415,"minecraft:deaths":8,"minecraft:sneak_time":1396,"minecraft:walk_under_water_one_cm":58954,"tombstone:tomb_raiding":1,"minecraft:jump":1603,"minecraft:walk_on_water_one_cm":45688,"minecraft:total_world_time":187415,"minecraft:interact_with_furnace":55,"minecraft:time_since_rest":40054,"minecraft:damage_taken":3660,"minecraft:damage_dealt":4419,"minecraft:swim_one_cm":121457,"minecraft:fly_one_cm":173843,"minecraft:player_kills":1,"minecraft:open_chest":62,"minecraft:crouch_one_cm":2103,"tombstone:undead_killed":9,"minecraft:fall_one_cm":17764,"minecraft:horse_one_cm":8744},"minecraft:killed_by":{"minecraft:player":1}},"DataVersion":3465}