{"stats":{"minecraft:killed":{"born_in_chaos_v1:zombie_lumberjack":1,"minecraft:guardian":322,"alexscaves:radgill":5,"duneons:wildfire":1,"minecraft:elder_guardian":3,"minecraft:pillager":4,"duneons:tempestgolem":2,"minecraft:zombie":63,"iceandfire:lightning_dragon":2,"mutantmonsters:mutant_creeper":1,"iceandfire:sea_serpent":1,"duneons:squallgolem":2,"cataclysm:deepling_angler":2,"minecraft:husk":2,"alexsmobs:crocodile":2,"alexsmobs:elephant":1,"iceandfire:ghost":6,"iceandfire:ice_dragon":2,"mca:female_villager":4,"minecraft:witch":1,"alexsmobs:anaconda":1,"duneons:redstonecube":4,"minecraft:spider":17,"minecraft:wither":2,"alexsmobs:alligator_snapping_turtle":1,"minecraft:bee":4,"minecraft:silverfish":17,"minecraft:piglin_brute":9,"minecraft:piglin":26,"minecraft:zombie_villager":1,"alexsmobs:crimson_mosquito":9,"minecraft:sheep":26,"minecraft:ghast":1,"duneons:sunkenskeletonred":1,"alexsmobs:bone_serpent":1,"minecraft:slime":299,"born_in_chaos_v1:zombie_bruiser":2,"duneons:monstrositystun":1,"minecraft:drowned":5,"bosses_of_mass_destruction:lich":1,"iceandfire:deathworm":2,"duneons:blazespawner":1,"minecraft:hoglin":1,"minecraft:wither_skeleton":116,"minecraft:cave_spider":6,"born_in_chaos_v1:restless_spirit":2,"mythicmounts:dragon":2,"duneons:wraith":2,"alexsmobs:enderiophage":3,"minecraft:skeleton":77,"alexscaves:hullbreaker":1,"minecraft:chicken":126,"alexsmobs:laviathan":1,"minecraft:magma_cube":21,"mutantmonsters:mutant_skeleton":2,"cataclysm:deepling":5,"alexsmobs:roadrunner":1,"minecraft:cow":63,"alexsmobs:seagull":1,"born_in_chaos_v1:barrel_zombie":1,"alexsmobs:guster":1,"minecraft:enderman":8,"duneons:enchanted_zombie":2,"alexsmobs:froststalker":1,"duneons:redstonegolem":2,"duneons:mushroommonstrosity":1,"artifacts:mimic":3,"minecraft:pig":68,"minecraft:creeper":9,"duneons:mountaineer":21,"cataclysm:deepling_brute":3,"minecraft:blaze":47,"duneons:windcaller":1,"born_in_chaos_v1:maggot":3,"minecraft:phantom":15,"iceandfire:fire_dragon":2,"cataclysm:lionfish":3,"alexsmobs:skreecher":1,"alexsmobs:flying_fish":2,"duneons:redstone_pigman_monstrosity":1,"iceandfire:amphithere":1,"mutantmonsters:mutant_zombie":1},"minecraft:dropped":{"iceandfire:chared_stone":128,"bosses_of_mass_destruction:charged_ender_pearl":1,"minecraft:iron_sword":2,"minecraft:porkchop":13,"minecraft:lapis_lazuli":58,"regions_unexplored:pink_magnolia_flowers":2,"minecraft:glow_ink_sac":1,"minecraft:diamond":83,"minecraft:cooked_porkchop":4,"biomesoplenty:white_sandstone_slab":1,"minecraft:red_sandstone":1,"selfexpression:assassin_boots":1,"iceandfire:dragonscales_copper":7,"icarus:blue_mechanical_leather_wings":1,"farmersdelight:canvas_rug":1,"minecraft:cherry_pressure_plate":1,"duneons:twist_vine_bow":5,"create:small_scoria_brick_slab":1,"duneons:piglin_armor_1_helmet":1,"alexscaves:metal_barrel":1,"alexscaves:pewen_hanging_sign":1,"paraglider:heart_container":4,"duneons:sanctumstoneslab":1,"minecraft:waxed_exposed_cut_copper_slab":1,"alexsmobs:flying_fish":1,"cataclysm:wither_assault_shoulder_weapon":1,"icarus:discords_wings":1,"iceandfire:dragonforge_fire_brick":1,"minecraft:sand":571,"minecraft:cherry_chest_boat":1,"duneons:eminencefungussprout":2,"selfexpression:dedik_insaidik_leggings":1,"regions_unexplored:kapok_stairs":1,"minecraft:white_wool":5,"regions_unexplored:mangrove_branch":1,"biomesoplenty:mahogany_button":1,"biomesoplenty:toadstool":1,"alexsmobs:centipede_leg":2,"minecraft:stone_axe":1,"biomesoplenty:palm_button":1,"create:dark_oak_window_pane":2,"minecraft:iron_nugget":11,"minecraft:cobbled_deepslate":11429,"minecraft:wheat":8,"minecraft:rotten_flesh":54,"minecraft:oak_planks":4,"blue_skies:crystallized_planks":1,"minecraft:nether_brick_fence":4,"regions_unexplored:duckweed":2,"biomesoplenty:white_sandstone_wall":1,"minecraft:warped_planks":2,"iceandfire:dragonscales_blue":29,"duneons:sanctumstonestairs":2,"bosses_of_mass_destruction:soul_star":3,"minecraft:coal_ore":2,"biomesoplenty:umbran_wood":1,"regions_unexplored:orange_coneflower":2,"regions_unexplored:green_bioshroom_fence":1,"duneons:sandbrick_fence":1,"alexsmobs:tarantula_hawk_elytra":1,"minecraft:beef":34,"minecraft:purple_stained_glass_pane":1,"minecraft:green_stained_glass":1,"duneons:crimsonroots":4,"create:basin":1,"iceandfire:dragonsteel_ice_boots":2,"minecraft:black_dye":1,"duneons:patternedbrikerslab":1,"minecraft:wheat_seeds":39,"alexscaves:thornwood_button":1,"minecraft:clock":1,"mca:wedding_ring_rg":2,"duneons:stonebricksdirtwall":1,"minecraft:light_gray_stained_glass_pane":1,"biomesoplenty:maple_sapling":191,"minecraft:prismarine_crystals":34,"minecraft:book":1,"duneons:highlandbrickschiseled":2,"regions_unexplored:tassel":1,"iceandfire:sea_serpent_scales_green":1,"icarus:yellow_light_wings":2,"duneons:dungeonscharreddirt":3,"duneons:burned_planks":1,"minecraft:stripped_cherry_wood":1,"justhammers:netherite_destructor_hammer":3,"minecraft:yellow_carpet":1,"minecraft:golden_apple":1,"alexsmobs:squid_grapple":1,"minecraft:lava_bucket":1,"minecraft:cobweb":9,"alexscaves:pewen_trapdoor":1,"minecraft:ink_sac":7,"biomesoplenty:brimstone":71,"minecraft:lodestone":1,"minecraft:wooden_axe":1,"alexscaves:unrefined_waste":2,"biomesoplenty:stripped_hellbark_wood":1,"create:cut_crimsite":1,"minecraft:red_dye":2,"regions_unexplored:pine_branch":1,"regions_unexplored:silver_birch_leaf_pile":6,"minecraft:blue_carpet":1,"create:raw_zinc":190,"regions_unexplored:green_bioshroom_block":1,"iceandfire:frozen_cobblestone":1,"alexsmobs:crocodile_scute":1,"create:cut_granite_wall":1,"cataclysm:flame_eye":2,"create:waxed_copper_shingles":1,"duneons:settlementstonebricksslab":1,"blue_skies:dusk_fence_gate":1,"minecraft:white_carpet":1,"duneons:oaktotem":2,"iceandfire:armor_copper_metal_helmet":1,"alexscaves:beholder":1,"bosses_of_mass_destruction:ancient_anima":4,"create:sail_frame":1,"minecraft:flower_pot":1,"regions_unexplored:magnolia_stairs":1,"duneons:carvedgranite":1,"minecraft:bundle":2,"minecraft:diamond_pickaxe":1,"minecraft:redstone_torch":4,"artifacts:pickaxe_heater":2,"minecraft:stone_bricks":13,"create:polished_cut_scoria_wall":1,"biomesoplenty:orange_sandstone":112,"minecraft:sandstone":368,"sophisticatedbackpacks:copper_backpack":1,"minecraft:bow":4,"alexsmobs:transmutation_table":1,"minecraft:magma_block":8,"minecraft:cyan_bed":1,"farmersdelight:diamond_knife":1,"minecraft:nether_brick_stairs":1,"mca:wooden_slanted_headstone":1,"create:cut_scorchia_brick_wall":1,"minecraft:oak_log":141,"minecraft:ender_pearl":2,"minecraft:nether_star":4,"biomesoplenty:willow_trapdoor":1,"create:waxed_oxidized_copper_shingle_stairs":1,"create:exposed_copper_shingle_stairs":1,"minecraft:jungle_planks":2,"minecraft:black_banner":1,"regions_unexplored:brown_snowbelle":1,"biomesoplenty:fir_sapling":22,"paraglider:spirit_orb":2,"minecraft:cod":6,"minecraft:cracked_polished_blackstone_bricks":30,"tombstone:bag_of_seeds":2,"iceandfire:dragonsteel_lightning_axe":1,"regions_unexplored:brimsprout":1,"aether:iron_pendant":1,"minecraft:mangrove_wood":1,"biomesoplenty:flowering_oak_sapling":29,"create:framed_glass_door":1,"minecraft:snowball":57,"minecraft:jungle_sign":1,"blue_skies:crystal_sandstone_stairs":1,"minecraft:gold_ingot":4,"aether:icestone_stairs":1,"duneons:polishedgranitebricks":1,"minecraft:purpur_block":1,"minecraft:cherry_stairs":1,"regions_unexplored:redwood_stairs":1,"biomesoplenty:redwood_sapling":4,"create:cut_limestone":1,"regions_unexplored:pink_bioshroom_sign":1,"aether:leather_gloves":2,"regions_unexplored:maple_sapling":30,"minecraft:white_candle":1,"minecraft:mossy_stone_brick_slab":1,"iceandfire:fire_lily":1,"alexscaves:block_of_uranium":1,"create:cut_scorchia_slab":1,"webdisplays:rctrl":2,"regions_unexplored:kapok_pressure_plate":1,"biomesoplenty:redwood_button":1,"farmersdelight:cutting_board":1,"justhammers:stone_hammer":1,"minecraft:beetroot_seeds":3,"selfexpression:purple_hoodie_leggings":1,"vanillaplustools:stone_hammer":1,"cataclysm:void_eye":2,"create:white_seat":1,"minecraft:acacia_pressure_plate":1,"create:andesite_alloy":1,"minecraft:stone_hoe":1,"duneons:browncoral":3,"biomesoplenty:jacaranda_sapling":1,"regions_unexplored:palm_sign":1,"minecraft:golden_helmet":1,"aether:carved_stairs":1,"duneons:lightpinkcoral":2,"minecraft:golden_axe":1,"biomesoplenty:umbran_door":1,"aether:iron_ring":2,"minecraft:tropical_fish":1,"blue_skies:ventium_ingot":1,"minecraft:acacia_trapdoor":1,"regions_unexplored:cypress_trapdoor":1,"selfexpression:dragon_leggings":1,"create:cut_scorchia_brick_slab":1,"iceandfire:silver_sword":1,"minecraft:light_blue_wool":1,"minecraft:mud_brick_stairs":2,"iceandfire:armor_silver_metal_chestplate":1,"duneons:candle":1,"regions_unexplored:cypress_door":2,"minecraft:pink_banner":1,"minecraft:polished_andesite_stairs":1,"duneons:piglin_armor_2_chestplate":3,"minecraft:raw_iron_block":7,"alexscaves:pewen_stairs":1,"minecraft:cactus":35,"iceandfire:dragonbone":7,"minecraft:waxed_weathered_cut_copper_stairs":1,"minecraft:kelp":431,"biomesoplenty:redwood_trapdoor":2,"icarus:light_gray_mechanical_leather_wings":1,"biomesoplenty:palm_hanging_sign":1,"alexscaves:abyssmarine_brick_stairs":1,"minecraft:magenta_stained_glass_pane":1,"duneons:icebricks":1,"minecraft:shulker_box":1,"minecraft:flint_and_steel":1,"minecraft:oak_button":1,"minecraft:end_stone_brick_stairs":2,"alexscaves:resistor_shield":1,"minecraft:andesite":891,"create:cut_asurine":1,"minecraft:oak_sapling":258,"regions_unexplored:willow_pressure_plate":1,"alexscaves:spelunkie":1,"create:waxed_oxidized_copper_tiles":1,"minecraft:wooden_pickaxe":1,"create:polished_cut_limestone":1,"create:cut_ochrum_slab":1,"aether:skyroot_wood":1,"iceandfire:raw_silver":20,"alexscaves:geothermal_vent_medium":1,"webdisplays:laserpointer":1,"minecraft:cooked_beef":9,"duneons:melondirt":2,"duneons:outpostblueplanksbutton":1,"mca:gravelling_headstone":1,"minecraft:mossy_stone_brick_stairs":1,"duneons:burned_fence_gate":1,"alexscaves:pewen_slab":2,"minecraft:purpur_stairs":1,"minecraft:red_carpet":1,"minecraft:item_frame":1,"biomesoplenty:willow_fence":1,"minecraft:dirt":308,"minecraft:yellow_dye":1,"tombstone:soul_receptacle":1,"duneons:kelpstonebircks":9,"sophisticatedbackpacks:advanced_pickup_upgrade":1,"minecraft:chain":1,"minecraft:bone_meal":1,"duneons:golden_axe":1,"create:weathered_copper_tile_slab":1,"iceandfire:armor_silver_metal_helmet":1,"minecraft:green_stained_glass_pane":1,"tombstone:familiar_receptacle":1,"create:small_andesite_bricks":3,"minecraft:green_wool":1,"minecraft:bone":110,"inventorypets:pet_cloud":6,"minecraft:green_candle":1,"minecraft:polished_blackstone_wall":1,"minecraft:sugar_cane":14,"farmersdelight:canvas":1,"minecraft:golden_chestplate":4,"aether:freezer":1,"regions_unexplored:cypress_fence":1,"regions_unexplored:lime_snowbelle":1,"inventorypets:pet_enchanting_table":1,"minecraft:pink_dye":1,"duneons:redgoldvangardcarpet":1,"minecraft:deepslate_brick_slab":1,"minecraft:light_gray_carpet":1,"regions_unexplored:redwood_planks":1,"regions_unexplored:cypress_boat":1,"minecraft:white_bed":2,"minecraft:salmon":4,"create:cut_asurine_brick_slab":1,"minecraft:red_stained_glass_pane":1,"minecraft:tipped_arrow":1,"regions_unexplored:green_bioshroom_trapdoor":1,"duneons:bamboo_wood_pressure_plate":1,"alexsmobs:bison_carpet":1,"regions_unexplored:joshua_wood":1,"alexscaves:stripped_thornwood_wood":1,"regions_unexplored:willow_stairs":1,"duneons:ice_oak_slab":1,"inventorypets:nugget_coal":1,"create:limestone":16,"minecraft:white_dye":1,"create:small_granite_brick_stairs":1,"duneons:patternedbrikerstairs":1,"minecraft:egg":106,"farmersdelight:tomato_seeds":20,"tombstone:scroll_of_reach":1,"minecraft:enchanted_book":4,"minecraft:iron_ingot":50,"minecraft:blue_stained_glass_pane":2,"duneons:dungeonscharredcobblestoneslab":1,"minecraft:cyan_stained_glass":1,"biomesoplenty:lavender":3,"minecraft:cobblestone":5977,"minecraft:iron_helmet":1,"minecraft:feather":98,"create:cut_crimsite_stairs":1,"create:polished_cut_scorchia":1,"alexsmobs:chorus_on_a_stick":2,"minecraft:apple":19,"minecraft:granite":977,"biomesoplenty:magic_boat":1,"minecraft:purple_dye":1,"biomesoplenty:smooth_black_sandstone_stairs":1,"regions_unexplored:argillite":7,"minecraft:coal":67,"regions_unexplored:small_oak_log":9,"minecraft:spruce_hanging_sign":1,"minecraft:sculk":16,"minecraft:iron_trapdoor":1,"minecraft:golden_carrot":1,"minecraft:sponge":4,"alexscaves:cinder_block_slab":1,"minecraft:gray_bed":1,"duneons:chisiledbasaltwall":1,"duneons:piglin_armor_2_helmet":1,"iceandfire:dragonsteel_ice_axe":2,"create:cut_diorite":1,"minecraft:dried_kelp":8,"biomesoplenty:dead_wood":1,"farmersdelight:roast_chicken_block":1,"aether:holystone_sword":1,"minecraft:iron_shovel":1,"minecraft:string":5,"minecraft:polished_deepslate_wall":1,"minecraft:beetroot_soup":1,"aether:holystone_brick_wall":1,"selfexpression:courier_leggings":1,"securitycraft:reinforced_stone_slab":1,"minecraft:jungle_chest_boat":1,"alexscaves:uranium":1,"alexsmobs:acacia_blossom":4,"duneons:red_stone_golem_skull":3,"minecraft:stone_sword":7,"iceandfire:troll_weapon_trunk":1,"minecraft:bowl":2,"minecraft:chicken":1,"minecraft:stone_slab":1,"biomesoplenty:palm_log":9,"regions_unexplored:chalk_pillar":1,"minecraft:nether_bricks":161,"regions_unexplored:light_gray_painted_stairs":2,"regions_unexplored:dead_pressure_plate":1,"create:cut_dripstone":1,"minecraft:light_blue_dye":1,"create:item_vault":1,"minecraft:polished_granite_stairs":1,"minecraft:hay_block":1,"minecraft:stone":2,"inventorypets:nugget_lapis":1,"iceandfire:silver_ingot":1,"minecraft:spider_eye":8,"regions_unexplored:mauve_sign":1,"minecraft:birch_boat":1,"minecraft:magenta_dye":2,"minecraft:red_tulip":2,"regions_unexplored:silt_dirt":2,"duneons:mobmasher":2,"minecraft:dark_prismarine":45,"farmersdelight:tomato":4,"vanillaplustools:diamond_shovel":2,"minecraft:black_wool":1,"create:cut_dripstone_bricks":1,"blue_skies:mossy_turquoise_cobblestone_slab":1,"minecraft:baked_potato":31,"duneons:ice_oak_wood":1,"minecraft:decorated_pot":1,"aether:skyroot_pickaxe":1,"webdisplays:upgrade_redoutput":1,"duneons:largechain":1,"minecraft:flint":16,"minecraft:jungle_button":1,"minecraft:polished_blackstone_brick_stairs":2,"minecraft:cornflower":2,"minecraft:crimson_roots":1,"regions_unexplored:willow_branch":1,"minecraft:seagrass":3,"minecraft:cut_copper":1,"farmersdelight:warped_cabinet":1,"iceandfire:dragonscale_bronze":1,"tombstone:scroll_of_frost_resistance":2,"minecraft:polished_blackstone_bricks":128,"regions_unexplored:willow_hanging_sign":1,"iceandfire:banner_pattern_feather":1,"iceandfire:myrmex_desert_boots":1,"minecraft:birch_log":1,"biomesoplenty:mahogany_slab":1,"minecraft:gravel":130,"minecraft:blackstone":668,"create:polished_cut_deepslate_wall":1,"regions_unexplored:green_painted_slab":1,"simplyswords:iron_twinblade":1,"regions_unexplored:black_snowbelle":1,"minecraft:diorite_stairs":1,"farmersdelight:orange_hanging_canvas_sign":1,"regions_unexplored:light_blue_painted_stairs":1,"minecraft:diamond_shovel":3,"minecraft:prismarine":512,"regions_unexplored:socotra_stairs":1,"minecraft:carrot":7,"alexscaves:thornwood_sign":1,"minecraft:oak_fence_gate":1,"alexscaves:geothermal_vent_thin":1,"minecraft:gunpowder":23,"minecraft:melon_seeds":6,"aether:golden_ring":1,"minecraft:spruce_wood":1,"alexsmobs:endolocator":1,"minecraft:arrow":1,"regions_unexplored:tall_green_bioshroom":1,"minecraft:prismarine_bricks":424,"minecraft:quartz":99,"duneons:sandgraniteslab":1,"minecraft:oak_leaves":6,"minecraft:netherrack":1372,"regions_unexplored:baobab_button":1,"create:copper_tile_slab":1,"minecraft:water_bucket":2,"justhammers:diamond_hammer":2,"minecraft:oak_slab":7,"minecraft:mossy_cobblestone":8,"create:small_scoria_brick_wall":1,"regions_unexplored:overgrown_bone_block":2,"iceandfire:dragonscales_green":1,"minecraft:diamond_leggings":2,"alexscaves:copper_valve":1,"biomesoplenty:redwood_fence_gate":1,"minecraft:prismarine_shard":60,"mutantmonsters:mutant_skeleton_boots":1,"farmersdelight:light_gray_canvas_sign":1,"create:weighted_ejector":1,"regions_unexplored:silver_birch_sapling":6,"minecraft:observer":1,"minecraft:copper_ingot":1,"minecraft:chiseled_bookshelf":1,"minecraft:grass_block":3,"regions_unexplored:purple_painted_slab":1,"biomesoplenty:black_sandstone_slab":1,"minecraft:stick":418,"biomesoplenty:orange_sand":542,"alexscaves:hazmat_warning_block":1,"alexscaves:guanostone_slab":2,"iceandfire:tide_deepblue_leggings":1,"create:small_andesite_brick_stairs":1,"regions_unexplored:light_gray_painted_slab":1,"iceandfire:podium_spruce":1,"minecraft:diorite":831,"tombstone:magic_scroll":3,"minecraft:torch":54,"duneons:piglin_armor_2_boots":1,"minecraft:brown_wool":1,"duneons:darkstonebricks":2,"tombstone:grave_dust":38,"minecraft:green_carpet":1,"minecraft:iron_leggings":1,"minecraft:iron_axe":1,"inventorypets:pet_illuminati":6,"alexscaves:galena_wall":2,"minecraft:smooth_basalt":7,"minecraft:dandelion":1,"minecraft:redstone":354,"duneons:rapierred":1,"minecraft:blaze_rod":10,"minecraft:raw_copper":372,"minecraft:tuff":1352,"minecraft:composter":1,"minecraft:raw_iron":103,"iceandfire:witherbone":1,"create:small_tuff_brick_stairs":1,"regions_unexplored:mauve_boat":1,"duneons:highlandfern":2,"biomesoplenty:palm_door":1,"biomesoplenty:cut_black_sandstone_slab":1,"regions_unexplored:pink_bioshroom_stairs":1,"minecraft:filled_map":1,"minecraft:shield":1,"create:veridium":64,"regions_unexplored:eucalyptus_fence":1,"iceandfire:copper_sword":1,"create:redstone_link":1,"aether:iron_gloves":3,"duneons:kelpstonebirckscarved":1,"minecraft:warped_fence":1,"minecraft:mossy_stone_bricks":1,"minecraft:blue_ice":1,"justhammers:diamond_destructor_hammer":8,"luminousworld:ishwall":1,"minecraft:slime_ball":38,"biomesoplenty:redwood_leaves":64,"minecraft:stone_pickaxe":2,"minecraft:raw_gold":91,"regions_unexplored:socotra_sign":1,"biomesoplenty:fir_log":102},"minecraft:picked_up":{"alexscaves:thin_bone":1,"aether:icestone_stairs":1,"duneons:netherbrickpillar":1,"farmersdelight:birch_cabinet":1,"duneons:darkstonebricks":2,"iceandfire:copper_sword":3,"minecraft:suspicious_stew":3,"duneons:signchain":1,"create:weathered_copper_tile_stairs":1,"minecraft:lead":1,"minecraft:stone_slab":2,"regions_unexplored:silt_dirt":2,"alexscaves:unrefined_waste":3,"biomesoplenty:orange_autumn_sapling":64,"minecraft:enchanted_book":8,"aether:gravitite_chestplate":1,"simplyswords:iron_rapier":1,"sophisticatedbackpacks:magnet_upgrade":1,"webdisplays:upgrade_redinput":1,"duneons:highlandbricksslab":1,"minecraft:polished_blackstone_brick_stairs":3,"minecraft:string":15,"create:content_observer":1,"create:limestone":16,"biomesoplenty:yellow_autumn_sapling":26,"create:black_valve_handle":1,"duneons:redstoneheadcrafting":3,"minecraft:beetroot_soup":1,"regions_unexplored:purple_painted_slab":1,"create:small_scorchia_brick_wall":1,"create:sticky_mechanical_piston":1,"minecraft:diamond_leggings":1,"create:polished_cut_tuff_stairs":1,"mca:engagement_ring":1,"inventorypets:pet_loot":1,"alexscaves:azure_magnet":1,"duneons:piglin_armor_2_boots":8,"iceandfire:dragonforge_ice_brick":1,"biomesoplenty:dead_wood":2,"regions_unexplored:green_bioshroom_block":2,"selfexpression:cultist_chestplate":1,"create:gray_seat":1,"duneons:turtlearmor_2_chestplate":1,"aether:gravitite_sword":1,"webdisplays:screen":1,"minecraft:bamboo_chest_raft":1,"farmersdelight:white_hanging_canvas_sign":2,"tombstone:carmin_marble":1,"duneons:granitepominobricksslab":1,"regions_unexplored:stripped_yellow_bioshroom_hyphae":1,"minecraft:cyan_stained_glass":2,"minecraft:acacia_log":10,"duneons:icebricks":1,"paraglider:kakariko_goddess_statue":2,"minecraft:golden_axe":1,"minecraft:lightning_rod":1,"regions_unexplored:palm_stairs":1,"minecraft:golden_chestplate":5,"aether:skyroot_pickaxe":1,"minecraft:green_terracotta":1,"duneons:largechain":2,"regions_unexplored:pink_magnolia_sapling":1,"farmersdelight:melon_popsicle":1,"minecraft:orange_bed":1,"farmersdelight:canvas":2,"biomesoplenty:fir_fence_gate":1,"duneons:piglin_armor_1_boots":2,"minecraft:stone_sword":12,"create:clipboard":2,"create:gantry_shaft":1,"alexscaves:copper_valve":1,"biomesoplenty:palm_log":9,"sophisticatedbackpacks:refill_upgrade":1,"create:ochrum":71,"biomesoplenty:redwood_trapdoor":3,"regions_unexplored:pink_painted_slab":1,"minecraft:red_tulip":2,"duneons:soul_scythe":3,"minecraft:glowstone":5,"simplyswords:gold_scythe":2,"minecraft:white_terracotta":1,"alexscaves:primitive_club":1,"create:polished_cut_scorchia":1,"minecraft:waxed_cut_copper":1,"minecraft:blaze_rod":37,"farmersdelight:melon_juice":1,"inventorypets:pet_sheep":1,"minecraft:snowball":57,"minecraft:sponge":256,"biomesoplenty:lavender":3,"create:brown_seat":1,"biomesoplenty:stripped_fir_wood":1,"aether:skyroot_axe":1,"iceandfire:sapphire_gem":22,"minecraft:feather":291,"selfexpression:courier_leggings":1,"minecraft:water_bucket":1,"minecraft:brown_wool":1,"biomesoplenty:black_sandstone_slab":2,"minecraft:dark_oak_boat":1,"minecraft:copper_block":1,"alexscaves:cinder_block_slab":1,"biomesoplenty:fir_sapling":22,"alexsmobs:bison_fur":1,"alexscaves:pewen_trapdoor":1,"minecraft:flint":143,"biomesoplenty:palm_hanging_sign":1,"farmersdelight:roast_chicken_block":1,"farmersdelight:carrot_crate":1,"farmersdelight:tomato":28,"create:small_deepslate_bricks":1,"tombstone:familiar_receptacle":2,"inventorypets:pet_purplicious_cow":1,"biomesoplenty:brimstone_bricks":1,"farmersdelight:wheat_dough":1,"icarus:yellow_light_wings":3,"create:brown_toolbox":1,"create:fluid_valve":1,"duneons:darkprismarineslab":2,"alexscaves:porous_coprolith":1,"enchantmentmachine:enchanter_block":1,"selfexpression:ceraplay_2004_helmet":1,"webdisplays:craftcomp_batpack":1,"alexsmobs:falconry_glove":1,"iceandfire:amphithere_macuahuitl":1,"sophisticatedbackpacks:deposit_upgrade":1,"alexsmobs:crocodile_egg":2,"aether:quicksoil_glass_pane":1,"iceandfire:dragon_skull_fire":1,"aether:zanite_gemstone":1,"sophisticatedbackpacks:iron_backpack":3,"iceandfire:lightning_dragon_heart":3,"aquamirae:terrible_chestplate":1,"farmersdelight:crimson_cabinet":1,"icarus:brown_dragon_wings":1,"selfexpression:dedik_insaidik_leggings":1,"regions_unexplored:stripped_maple_wood":1,"regions_unexplored:socotra_sign":2,"regions_unexplored:pink_bioshroom_stairs":1,"duneons:yellowdungeonsglass":1,"regions_unexplored:cypress_log":72,"minecraft:polished_andesite":1,"create:small_andesite_bricks":3,"minecraft:snout_armor_trim_smithing_template":1,"minecraft:deepslate":21,"create:polished_cut_limestone_stairs":1,"iceandfire:lectern":1,"regions_unexplored:mauve_sign":1,"iceandfire:crackled_stone":1,"minecraft:lever":1,"iceandfire:dragonsteel_ice_axe":3,"minecraft:granite":1151,"farmersdelight:nether_salad":3,"regions_unexplored:magnolia_trapdoor":1,"sophisticatedbackpacks:advanced_feeding_upgrade":1,"alexsmobs:banner_pattern_australia_0":1,"regions_unexplored:mauve_boat":1,"alexscaves:cinder_block_stairs":1,"minecraft:cyan_dye":1,"create:framed_glass_door":1,"minecraft:light_gray_carpet":1,"create:copper_valve_handle":2,"minecraft:crimson_roots":1,"iceandfire:raw_silver":28,"minecraft:diamond_pickaxe":1,"sophisticatedbackpacks:gold_backpack":1,"biomesoplenty:redwood_log":16,"create:stockpile_switch":1,"regions_unexplored:green_bioshroom_fence":1,"mutantmonsters:mutant_skeleton_arms":1,"minecraft:clay_ball":44,"regions_unexplored:overgrown_bone_block":2,"duneons:darkdominosbricks":2,"regions_unexplored:pink_magnolia_flowers":2,"duneons:gildedglory_chestplate":1,"biomesoplenty:jacaranda_sapling":1,"duneons:ice_oak_slab":1,"regions_unexplored:blue_bioshroom":1,"paraglider:heart_container":7,"vanillaplustools:netherite_hammer":1,"minecraft:purpur_block":1,"iceandfire:banner_pattern_amphithere":2,"farmersdelight:mutton_wrap":1,"iceandfire:myrmex_desert_boots":1,"iceandfire:dragonsteel_fire_block":1,"minecraft:cornflower":2,"minecraft:pink_candle":1,"create:fluid_pipe":1,"regions_unexplored:magenta_painted_stairs":1,"minecraft:flint_and_steel":2,"minecraft:white_carpet":2,"minecraft:iron_shovel":1,"minecraft:polished_blackstone_wall":1,"iceandfire:myrmex_desert_sword_venom":1,"minecraft:brown_stained_glass_pane":3,"iceandfire:dragonsteel_lightning_helmet":1,"legendary_monsters:axe_of_lightning":1,"duneons:rapierred":3,"minecraft:birch_sapling":1,"farmersdelight:canvas_rug":1,"alexscaves:amber_monolith":1,"minecraft:minecart":1,"regions_unexplored:socotra_boat":1,"minecraft:cherry_button":1,"minecraft:piston":1,"create:cut_diorite":1,"aether:iron_pendant":3,"minecraft:black_stained_glass":1,"alexscaves:pewen_slab":2,"create:cut_granite":1,"cataclysm:wither_assault_shoulder_weapon":2,"minecraft:stone":1087,"regions_unexplored:green_painted_stairs":1,"minecraft:raw_gold_block":1,"alexsmobs:cockroach_ootheca":1,"sophisticatedbackpacks:crafting_upgrade":1,"iceandfire:banner_pattern_fire_head":1,"create:cut_scorchia_brick_wall":1,"duneons:browncoral":3,"sophisticatedbackpacks:backpack":1,"minecraft:white_dye":4,"create:exposed_copper_shingle_stairs":2,"farmersdelight:tomato_seeds":20,"regions_unexplored:palm_hanging_sign":1,"alexscaves:stripped_thornwood_wood":2,"iceandfire:deathworm_chitin_white":2,"inventorypets:pet_cow":1,"duneons:sandgraniteslab":1,"minecraft:jungle_sign":2,"iceandfire:dragon_skull_ice":2,"create:cut_asurine_stairs":1,"create:polished_cut_asurine":2,"inventorypets:pet_chest":2,"minecraft:diamond_chestplate":1,"mca:gravelling_headstone":2,"alexsmobs:chorus_on_a_stick":2,"minecraft:decorated_pot":1,"mca:wooden_slanted_headstone":2,"alexscaves:seething_stew":1,"minecraft:hay_block":12,"alexscaves:block_of_uranium":4,"create:depot":1,"create:polished_cut_scoria_slab":1,"inventorypets:pet_blaze":1,"create:polished_cut_deepslate_wall":1,"sophisticatedbackpacks:copper_backpack":3,"biomesoplenty:redwood_sapling":4,"minecraft:bone_block":4,"iceandfire:armor_red_leggings":1,"iceandfire:jungle_myrmex_cocoon":2,"minecraft:mutton":41,"blue_skies:horizonite_block":1,"biomesoplenty:mahogany_pressure_plate":1,"biomesoplenty:orange_sand":614,"minecraft:rail":1,"minecraft:oxeye_daisy":2,"duneons:rainbowglass":2,"minecraft:lime_bed":1,"iceandfire:sea_serpent_fang":6,"iceandfire:raw_silver_block":1,"iceandfire:armor_sapphire_leggings":1,"minecraft:yellow_dye":3,"minecraft:jungle_fence":1,"regions_unexplored:orange_painted_planks":1,"duneons:dominoesdirtstairs":1,"regions_unexplored:kapok_shrub":1,"minecraft:purpur_stairs":1,"sophisticatedbackpacks:compacting_upgrade":1,"minecraft:lily_pad":316,"iceandfire:dragonsteel_fire_chestplate":1,"iceandfire:armor_copper_metal_helmet":1,"simplyswords:diamond_glaive":1,"minecraft:diorite_stairs":3,"inventorypets:nugget_emerald":7,"aether:gravitite_boots":1,"create:crushing_wheel":3,"aether:holystone_brick_wall":1,"alexscaves:slam":1,"webdisplays:craftcomp_batcell":3,"minecraft:apple":229,"farmersdelight:cooking_pot":1,"duneons:crumsoncoresword":3,"minecraft:wild_armor_trim_smithing_template":1,"minecraft:yellow_stained_glass":1,"minecraft:stone_pickaxe":1,"duneons:sandstonebrickcrackedslab":1,"minecraft:oak_fence_gate":1,"tombstone:blue_marble_wall":1,"duneons:slashplush":1,"tombstone:bag_of_seeds":4,"duneons:outpostwood_planks":2,"create:cut_asurine_bricks":1,"minecraft:gray_bed":2,"iceandfire:summoning_crystal_lightning":2,"tombstone:scroll_of_frost_resistance":2,"simplyswords:iron_spear":1,"alexscaves:abyssmarine_pillar":1,"minecraft:polished_andesite_stairs":1,"iceandfire:copper_nugget":94,"minecraft:smooth_basalt":10,"alexsmobs:endolocator":1,"minecraft:sweet_berries":52,"iceandfire:sea_serpent_scales_green":1,"minecraft:crimson_stairs":1,"regions_unexplored:polished_chalk":1,"webdisplays:upgrade_lasermouse":1,"simplyswords:tainted_relic":1,"create:small_diorite_brick_stairs":2,"regions_unexplored:kapok_slab":2,"icarus:white_feathered_wings":1,"tombstone:decorative_grave_simple":2,"iceandfire:dragonbone_axe":1,"minecraft:crying_obsidian":5,"justhammers:diamond_hammer":2,"alexscaves:floater":1,"blue_skies:starlit_bookshelf":1,"create:millstone":1,"icarus:yellow_dragon_wings":1,"biomesoplenty:redwood_stairs":3,"icarus:orange_mechanical_leather_wings":1,"blue_skies:polished_taratite_slab":1,"minecraft:diamond_shovel":3,"aether:golden_ring":2,"minecraft:coal_ore":2,"minecraft:slime_ball":353,"alexscaves:mussel":1,"regions_unexplored:fireweed":1,"regions_unexplored:cypress_boat":1,"alexscaves:spelunkie":2,"biomesoplenty:palm_door":2,"regions_unexplored:tall_green_bioshroom":1,"alexscaves:pewen_pressure_plate":1,"iceandfire:deathworm_white_leggings":1,"minecraft:painting":1,"aether:freezer":1,"regions_unexplored:magnolia_fence":1,"alexscaves:scarlet_neodymium_pillar":1,"minecraft:dark_oak_hanging_sign":1,"inventorypets:pet_illuminati":6,"iceandfire:ice_dragon_flesh":8,"create:portable_storage_interface":1,"create:cut_scorchia_brick_slab":1,"minecraft:lodestone":1,"minecraft:baked_potato":1,"duneons:miniredstonegolem":2,"cataclysm:void_scatter_arrow":1,"duneons:candle":1,"alexscaves:radgill":4,"minecraft:nether_brick_fence":13,"enchantmentmachine:disenchanter_block":2,"regions_unexplored:brimsprout":1,"regions_unexplored:socotra_hanging_sign":1,"vanillaplustools:diamond_shovel":3,"regions_unexplored:glowing_blue_bioshroom_block":1,"minecraft:stone_brick_stairs":5,"biomesoplenty:redwood_leaves":662,"iceandfire:tide_teal_helmet":2,"inventorypets:pet_meta_mob":1,"biomesoplenty:magic_boat":1,"minecraft:spruce_chest_boat":1,"simplyswords:diamond_twinblade":1,"minecraft:cherry_pressure_plate":1,"cataclysm:end_stone_teleport_trap_bricks":1,"duneons:loggold":1,"minecraft:experience_bottle":8,"alexscaves:magnetic_activator":2,"webdisplays:craftcomp_extcard":1,"iceandfire:sea_serpent_scales_bronze":1,"biomesoplenty:brimstone":134,"alexsmobs:blood_sac":4,"minecraft:bucket":1,"alexscaves:magnetic_light":1,"inventorypets:pet_enchanting_table":2,"luminousworld:ishwall":1,"minecraft:red_dye":4,"minecraft:rose_bush":1,"iceandfire:armor_bronze_boots":1,"minecraft:deepslate_iron_ore":3,"minecraft:blue_wool":1,"minecraft:tipped_arrow":4,"duneons:carvedgranite":1,"webdisplays:upgrade_redoutput":2,"create:dough":1,"alexscaves:beholder":2,"duneons:stonebricksnowstairs":1,"regions_unexplored:eucalyptus_sign":1,"alexscaves:resistor_shield":1,"duneons:magicwand":3,"iceandfire:crackled_gravel":2,"iceandfire:rotten_egg":9,"minecraft:diorite":1446,"create:large_cogwheel":1,"regions_unexplored:magnolia_stairs":1,"create:small_scoria_brick_wall":1,"minecraft:rotten_flesh":93,"regions_unexplored:tsubaki":2,"duneons:golden_axe":3,"duneons:sanctumstonestairs":2,"alexsmobs:capsid":5,"alexsmobs:emu_egg":1,"iceandfire:armor_green_helmet":1,"create:red_seat":1,"minecraft:obsidian":48,"farmersdelight:beetroot_crate":1,"minecraft:cobblestone":14612,"duneons:darkcarved_bricks":1,"tombstone:soul_receptacle":2,"minecraft:muddy_mangrove_roots":1,"minecraft:leather_chestplate":1,"bosses_of_mass_destruction:charged_ender_pearl":2,"minecraft:warped_fungus_on_a_stick":1,"minecraft:andesite":1441,"create:cut_scorchia":1,"duneons:miniredstonemonstrosity":2,"minecraft:orange_carpet":1,"minecraft:beacon":3,"minecraft:mud_brick_stairs":2,"minecraft:potato":1357,"regions_unexplored:lime_snowbelle":2,"create:raw_zinc":446,"biomesoplenty:smooth_white_sandstone_slab":1,"duneons:purplevangardpotion":3,"minecraft:prismarine_bricks":869,"mutantmonsters:creeper_minion_tracker":1,"minecraft:dirt":583,"iceandfire:dragonscales_bronze":8,"biomesoplenty:umbran_sign":1,"iceandfire:dragonbone_sword_ice":2,"iceandfire:forest_troll_leather_boots":1,"alexscaves:muck":22,"duneons:obsidianminiredstonemonstrosity":2,"minecraft:bone":334,"minecraft:glass":4,"create:copper_tile_slab":1,"duneons:giter":1,"minecraft:bow":6,"iceandfire:armor_amythest_boots":1,"minecraft:wheat_seeds":42,"minecraft:crimson_fence_gate":1,"regions_unexplored:baobab_sapling":1,"create:cut_asurine":2,"regions_unexplored:dead_planks":1,"biomesoplenty:dead_fence_gate":1,"minecraft:purple_stained_glass_pane":1,"minecraft:mossy_stone_bricks":1,"minecraft:prismarine":856,"regions_unexplored:cypress_door":3,"farmersdelight:horse_feed":2,"regions_unexplored:orange_coneflower":5,"regions_unexplored:pink_bioshroom_sign":1,"duneons:ropeberries":1,"biomesoplenty:toadstool":1,"duneons:red_stone_golem_skull":3,"biomesoplenty:white_sandstone_slab":1,"iceandfire:podium_spruce":1,"regions_unexplored:blue_bioshroom_block":1,"alexscaves:uranium":1,"duneons:dominoesdirtblock":3,"biomesoplenty:magic_pressure_plate":1,"regions_unexplored:green_bioshroom_button":1,"regions_unexplored:cypress_slab":1,"create:smart_fluid_pipe":2,"minecraft:nether_brick_stairs":1,"minecraft:grass_block":24,"minecraft:diamond_block":44,"minecraft:spectral_arrow":1,"minecraft:mossy_cobblestone":12,"create:polished_cut_limestone":1,"create:polished_cut_scoria_wall":1,"duneons:moss_strongholdbricksslab":2,"simplyswords:iron_twinblade":1,"duneons:lightpinkcoral":2,"sophisticatedbackpacks:advanced_pickup_upgrade":1,"iceandfire:mountain_troll_leather_leggings":2,"minecraft:yellow_carpet":2,"minecraft:slime_block":35,"alexscaves:hazmat_skull_block":1,"duneons:ice_dark_planks":1,"minecraft:cracked_polished_blackstone_bricks":66,"create:cut_dripstone_bricks":1,"duneons:highlandstone":1,"minecraft:bone_meal":6,"webdisplays:rctrl":2,"minecraft:golden_apple":5,"minecraft:emerald":30,"regions_unexplored:pine_branch":2,"alexsmobs:banana_slug_slime":1,"biomesoplenty:smooth_black_sandstone_stairs":2,"minecraft:netherrack":3217,"iceandfire:silver_nugget":79,"cataclysm:ignitium_upgrade_smithing_template":2,"regions_unexplored:light_blue_painted_stairs":1,"regions_unexplored:larch_wood":1,"minecraft:ladder":1,"regions_unexplored:stripped_baobab_wood":1,"duneons:kelpstonebircks":120,"alexscaves:block_of_pearl":1,"minecraft:pink_wool":1,"iceandfire:amphithere_arrow":1,"iceandfire:frozen_cobblestone":197,"create:cut_ochrum_slab":1,"minecraft:chain":9,"regions_unexplored:willow_sign":1,"regions_unexplored:brimwood_door":1,"minecraft:shield":3,"minecraft:brick":4,"farmersdelight:diamond_knife":2,"iceandfire:frozen_stone":186,"minecraft:moss_carpet":1,"tombstone:decorative_tombstone":2,"minecraft:blackstone":850,"minecraft:blue_orchid":1,"regions_unexplored:green_bioshroom_trapdoor":1,"create:cut_limestone":1,"alexscaves:guanostone_brick_slab":1,"simplyswords:iron_longsword":1,"minecraft:spire_armor_trim_smithing_template":2,"alexscaves:pewen_boat":1,"justhammers:netherite_destructor_hammer":5,"regions_unexplored:cypress_stairs":1,"inventorypets:pet_lead":1,"iceandfire:ice_dragon_heart":3,"duneons:cold_nightarmor_boots":2,"create:sequenced_gearshift":1,"create:polished_cut_veridium":1,"minecraft:lime_wool":1,"create:white_valve_handle":1,"iceandfire:dragonscales_gray":29,"minecraft:cherry_stairs":1,"iceandfire:deathworm_chitin_red":1,"iceandfire:myrmex_jungle_sword":1,"minecraft:polished_blackstone_bricks":228,"iceandfire:dragonarmor_diamond_tail":1,"simplyswords:iron_cutlass":1,"iceandfire:sapphire_block":1,"create:magenta_seat":1,"duneons:sandprismarineslab":1,"iceandfire:deathworm_egg_giant":1,"minecraft:light_gray_stained_glass_pane":1,"minecraft:brown_dye":1,"ribbits:mossy_oak_planks_fence_gate":1,"create:zinc_ingot":2,"farmersdelight:light_blue_hanging_canvas_sign":1,"duneons:twist_vine_bow":7,"artifacts:snorkel":1,"create:cut_granite_brick_slab":1,"minecraft:nether_bricks":744,"biomesoplenty:orange_sandstone":112,"newshieldvariants:dragon_head_shield":1,"farmersdelight:orange_hanging_canvas_sign":1,"mutantmonsters:mutant_skeleton_rib":2,"regions_unexplored:willow_branch":1,"minecraft:ward_armor_trim_smithing_template":1,"minecraft:black_banner":1,"duneons:vasedungeon":1,"iceandfire:troll_weapon_trunk":2,"iceandfire:armor_black_chestplate":1,"duneons:boneladder":1,"iceandfire:armor_electric_helmet":1,"duneons:piglin_armor_2_helmet":8,"born_in_chaos_v1:corpse_maggot":2,"minecraft:purple_dye":2,"minecraft:prismarine_slab":2,"create:small_tuff_brick_slab":1,"minecraft:basalt":17,"minecraft:golden_carrot":2,"iceandfire:dragonsteel_ice_helmet":1,"minecraft:magenta_banner":1,"aether:skyroot_bucket":1,"create:cut_asurine_wall":1,"minecraft:leather":90,"regions_unexplored:maple_button":1,"regions_unexplored:eucalyptus_fence":1,"biomesoplenty:umbran_door":1,"simplyswords:iron_claymore":1,"minecraft:chainmail_chestplate":2,"icarus:gray_feathered_wings":1,"minecraft:cobblestone_wall":1,"minecraft:gunpowder":18,"duneons:burned_fence_gate":2,"minecraft:yellow_bed":1,"minecraft:cobbled_deepslate_stairs":1,"regions_unexplored:salmon_poppy_bush":1,"create:cut_asurine_brick_slab":1,"regions_unexplored:alpha_slab":1,"create:item_vault":3,"alexscaves:amber":1,"iceandfire:tide_green_chestplate":1,"minecraft:red_carpet":2,"farmersdelight:honey_glazed_ham_block":1,"duneons:granitedominobricks":1,"duneons:chest_piglin_small":4,"biomesoplenty:redwood_fence_gate":1,"duneons:sanctumstoneslab":1,"minecraft:acacia_trapdoor":1,"iceandfire:armor_silver_metal_helmet":1,"create:adjustable_chain_gearshift":1,"minecraft:spruce_wood":1,"create:dark_oak_window":1,"alexscaves:radrock":15,"minecraft:iron_ingot":49,"minecraft:cooked_chicken":167,"farmersdelight:dark_oak_cabinet":2,"iceandfire:fire_dragon_flesh":8,"farmersdelight:full_tatami_mat":1,"iceandfire:crackled_cobblestone":1,"inventorypets:pet_politically_correct":1,"minecraft:pink_bed":1,"create:large_water_wheel":1,"minecraft:emerald_block":3,"simplyswords:sunfire":1,"duneons:piglin_armor_2_chestplate":6,"iceandfire:dragon_horn":1,"iceandfire:summoning_crystal_fire":1,"create:attribute_filter":2,"minecraft:stone_brick_slab":2,"minecraft:dandelion":1,"minecraft:quartz":550,"webdisplays:keyboard":1,"selfexpression:purple_hoodie_leggings":1,"regions_unexplored:mangrove_branch":1,"duneons:powerfulbow":1,"minecraft:stripped_cherry_wood":1,"iceandfire:dread_stone_face":1,"minecraft:green_stained_glass":1,"regions_unexplored:light_gray_painted_slab":1,"create:small_diorite_bricks":1,"iter_rpg:demonbone":1,"create:sail_frame":1,"iceandfire:dragonscale_blue":1,"cataclysm:void_eye":3,"duneons:patternedbrikerstairs":1,"regions_unexplored:willow_fence":1,"regions_unexplored:brimwood_wood":1,"inventorypets:pet_bed":1,"regions_unexplored:silver_birch_log":1,"webdisplays:laserpointer":1,"duneons:gold_buttongreen":1,"minecraft:chainmail_leggings":2,"alexscaves:block_of_azure_neodymium":1,"vanillaplustools:stone_hammer":2,"cataclysm:ancient_metal_ingot":1,"mutantmonsters:mutant_skeleton_boots":1,"regions_unexplored:maple_hanging_sign":1,"biomesoplenty:willow_fence":1,"simplyswords:iron_chakram":2,"alexscaves:uranium_shard":1,"minecraft:dark_oak_wood":2,"biomesoplenty:umbran_wood":1,"regions_unexplored:small_oak_log":9,"iceandfire:dread_stone_bricks":1,"minecraft:seagrass":6,"create:cut_crimsite":1,"minecraft:birch_door":1,"minecraft:flower_pot":1,"minecraft:anvil":1,"minecraft:prismarine_shard":277,"regions_unexplored:blue_magnolia_shrub":1,"minecraft:oak_stairs":3,"minecraft:acacia_pressure_plate":1,"biomesoplenty:umbran_stairs":1,"alexsmobs:bone_serpent_tooth":2,"minecraft:brewing_stand":1,"alexscaves:azure_neodymium_ingot":1,"minecraft:golden_sword":1,"minecraft:polished_deepslate_wall":2,"duneons:signarrowleaves":1,"farmersdelight:cutting_board":1,"icarus:cyan_dragon_wings":1,"minecraft:dark_oak_trapdoor":1,"create:small_asurine_brick_wall":1,"farmersdelight:apple_pie":1,"biomesoplenty:umbran_boat":1,"minecraft:beetroot":12,"minecraft:blue_stained_glass_pane":2,"create:water_wheel":1,"minecraft:gold_nugget":221,"minecraft:cobbled_deepslate":21506,"bosses_of_mass_destruction:soul_star":7,"minecraft:waxed_exposed_cut_copper":1,"blue_skies:mossy_turquoise_cobblestone_slab":1,"minecraft:acacia_fence_gate":1,"alexscaves:totem_of_possession":1,"regions_unexplored:pine_shrub":2,"create:small_granite_brick_stairs":1,"minecraft:golden_helmet":1,"create:train_door":1,"create:waxed_oxidized_copper_shingle_stairs":1,"iceandfire:deathworm_red_leggings":1,"duneons:patternedgranite":1,"sophisticatedbackpacks:stack_upgrade_starter_tier":1,"create:cut_crimsite_stairs":1,"minecraft:composter":1,"selfexpression:sunshine_hoody_chestplate":1,"biomesoplenty:stripped_hellbark_wood":1,"duneons:cold_nightarmor_chestplate":2,"duneons:corruptedbeaconaold":1,"minecraft:green_bed":2,"alexscaves:abyssmarine_tiles":1,"duneons:stonetablemaping":2,"duneons:bricker_fence":1,"duneons:bluevangardglass":1,"iceandfire:myrmex_resin_sticky_jungle":1,"inventorypets:pet_ender_chest":1,"iceandfire:lightning_dragon_flesh":6,"iceandfire:dragonscale_white":1,"sophisticatedbackpacks:auto_smelting_upgrade":1,"duneons:saber":1,"simplyswords:tempest":1,"minecraft:warped_planks":2,"alexsmobs:centipede_leg":2,"minecraft:chiseled_nether_bricks":1,"minecraft:black_dye":2,"iceandfire:armor_amythest_leggings":1,"iceandfire:dragonarmor_iron_body":1,"create:dark_oak_window_pane":2,"iceandfire:banner_pattern_gorgon":1,"minecraft:light_blue_wool":1,"minecraft:tropical_fish":3,"icarus:discords_wings":2,"create:copper_door":1,"regions_unexplored:black_snowbelle":1,"minecraft:blue_dye":2,"iceandfire:fire_dragon_heart":2,"minecraft:iron_block":4,"justhammers:gold_impact_hammer":1,"alexscaves:dreadbow":1,"create:mechanical_arm":1,"minecraft:mangrove_door":1,"duneons:goldmace":2,"regions_unexplored:blackwood_slab":1,"alexscaves:pewen_hanging_sign":2,"minecraft:host_armor_trim_smithing_template":1,"alexsmobs:flying_fish":6,"minecraft:birch_log":79,"minecraft:magma_block":88,"minecraft:mossy_cobblestone_slab":1,"regions_unexplored:yellow_bioshroom_trapdoor":1,"aether:stripped_skyroot_wood":1,"vanillaplustools:diamond_hammer":1,"minecraft:green_concrete_powder":2,"biomesoplenty:palm_planks":1,"farmersdelight:safety_net":1,"duneons:piglin_armor_1_helmet":4,"minecraft:smoker":2,"biomesoplenty:fir_log":435,"regions_unexplored:socotra_stairs":1,"regions_unexplored:willow_pressure_plate":1,"regions_unexplored:brown_painted_planks":1,"newshieldvariants:iron_shield":1,"farmersdelight:red_hanging_canvas_sign":1,"blue_skies:crystallized_planks":1,"minecraft:cherry_door":1,"regions_unexplored:cobalt_roots":3,"create:jungle_window":1,"duneons:mossendirt":1,"duneons:sandbrick_fence":1,"minecraft:cherry_chest_boat":1,"regions_unexplored:pink_bioshroom":1,"minecraft:waxed_weathered_cut_copper_slab":1,"cataclysm:purpur_void_rune_trap_block":1,"duneons:chisiledbasaltwall":1,"minecraft:glowstone_dust":29,"duneons:ice_dark_stairs":1,"iceandfire:dragon_meal":1,"regions_unexplored:dead_pressure_plate":1,"minecraft:moss_block":2,"simplyswords:gold_katana":1,"justhammers:iron_reinforced_hammer":1,"duneons:sandcobblestonewall":1,"iceandfire:dragonscales_amythest":24,"mca:wedding_ring_rg":2,"duneons:crimsonroots":5,"selfexpression:new_year_helmet":1,"blue_skies:crystal_sandstone_stairs":1,"create:weathered_copper_tile_slab":1,"regions_unexplored:cypress_sapling":5,"create:empty_blaze_burner":1,"minecraft:ink_sac":7,"aether:yellow_cape":1,"minecraft:dark_oak_log":143,"alexscaves:metal_rebar":1,"iceandfire:armor_sapphire_helmet":1,"minecraft:trapped_chest":1,"duneons:ice_oak_wood":2,"minecraft:bundle":3,"cataclysm:lionfish":2,"minecraft:white_candle":1,"regions_unexplored:hyssop":1,"inventorypets:pet_jukebox":1,"create:small_andesite_brick_stairs":1,"biomesoplenty:hellbark_slab":2,"duneons:giantnetheritechains":1,"duneons:flowersheatherorange":1,"minecraft:blue_ice":1,"justhammers:impact_core":1,"regions_unexplored:pink_bioshroom_fence":1,"blue_skies:bluebright_pickaxe":1,"regions_unexplored:willow_hanging_sign":1,"regions_unexplored:ashen_shrub":1,"minecraft:bread":9,"minecraft:chainmail_helmet":1,"minecraft:music_disc_5":1,"create:cut_calcite":1,"inventorypets:pet_moon":1,"iceandfire:myrmex_jungle_pickaxe":1,"minecraft:lime_stained_glass_pane":2,"minecraft:crafting_table":5,"alexscaves:hazmat_block":1,"minecraft:purple_wool":2,"iceandfire:witherbone":57,"minecraft:nether_wart":40,"duneons:bamboo_wood":1,"minecraft:orange_banner":1,"minecraft:conduit":1,"iceandfire:dragonsteel_lightning_axe":2,"regions_unexplored:baobab_button":1,"duneons:sabrewing_bow":2,"duneons:coral_blade_unique":1,"inventorypets:item_petrifier":1,"biomesoplenty:magic_hanging_sign":2,"minecraft:red_bed":1,"minecraft:snow":1,"create:redstone_link":2,"iceandfire:myrmex_jungle_shovel":1,"iceandfire:bestiary":2,"minecraft:cracked_stone_bricks":8,"alexscaves:geothermal_vent_medium":1,"minecraft:beef":161,"biomesoplenty:white_sandstone_wall":1,"iceandfire:armor_red_helmet":1,"create:white_seat":1,"minecraft:iron_nugget":28,"minecraft:quartz_stairs":1,"duneons:kelpstonebirckscarved":112,"iceandfire:dragonscales_electric":42,"minecraft:chest":23,"biomesoplenty:stripped_jacaranda_wood":1,"create:clutch":1,"minecraft:egg":294,"regions_unexplored:duckweed":2,"minecraft:sandstone":4743,"create:polished_cut_granite":1,"minecraft:oak_door":2,"minecraft:glow_item_frame":1,"selfexpression:tropic_helmet":1,"sophisticatedbackpacks:restock_upgrade":2,"farmersdelight:warped_cabinet":2,"icarus:blue_mechanical_leather_wings":1,"minecraft:cake":2,"minecraft:carrot":989,"minecraft:redstone":1136,"minecraft:prismarine_crystals":123,"minecraft:blue_carpet":1,"regions_unexplored:dead_pine_sapling":1,"minecraft:tnt":16,"cataclysm:obsidian_brick_slab":1,"minecraft:polished_granite_stairs":1,"alexsmobs:kangaroo_burger":2,"create:small_tuff_brick_stairs":2,"create:polished_cut_dripstone_slab":1,"regions_unexplored:redwood_stairs":1,"biomesoplenty:jacaranda_log":17,"inventorypets:pet_flying_saddle":1,"minecraft:beetroot_seeds":25,"iceandfire:dragonscales_silver":32,"minecraft:cut_copper":1,"create:portable_fluid_interface":1,"minecraft:gold_ingot":10,"tombstone:essence_of_undeath":1,"regions_unexplored:yellow_bioshroom_sign":1,"iceandfire:dragonarmor_dragonsteel_fire_tail":2,"duneons:oaktotem":2,"alexscaves:guanostone_bricks":1,"regions_unexplored:brimwood_stairs":1,"minecraft:white_wool":30,"alexscaves:darkened_apple":2,"minecraft:stripped_oak_log":1,"duneons:dungeonscharreddirt":17,"regions_unexplored:kapok_stairs":1,"iceandfire:dragonarmor_dragonsteel_ice_tail":1,"create:small_scoria_brick_slab":1,"minecraft:chiseled_bookshelf":1,"alexsmobs:acacia_blossom":4,"alexsmobs:tarantula_hawk_wing":1,"duneons:redbow":2,"regions_unexplored:eucalyptus_hanging_sign":1,"alexsmobs:froststalker_helmet":2,"selfexpression:assassin_boots":1,"alexsmobs:crocodile_chestplate":1,"create:brass_block":1,"minecraft:oak_log":2659,"regions_unexplored:red_maple_sapling":1,"minecraft:ancient_debris":66,"minecraft:jungle_button":1,"minecraft:golden_boots":1,"duneons:eminencefungussprout":2,"iceandfire:dragonscales_blue":57,"minecraft:blue_bed":1,"biomesoplenty:mahogany_slab":1,"duneons:burned_planks":1,"farmersdelight:organic_compost":1,"minecraft:stone_bricks":44,"regions_unexplored:prismaglass":1,"minecraft:kelp":1456,"icarus:pink_feathered_wings":2,"create:train_trapdoor":1,"iceandfire:silver_pile":1,"duneons:tempestknifeblue":1,"minecraft:waxed_weathered_cut_copper_stairs":1,"duneons:mountaineeraxeiron":1,"regions_unexplored:cobalt_obsidian":7,"minecraft:glass_bottle":1,"minecraft:iron_sword":1,"create:cut_scorchia_bricks":1,"regions_unexplored:silver_birch_sapling":6,"iceandfire:chared_stone":134,"duneons:goldiron_butto":1,"regions_unexplored:socotra_pressure_plate":1,"regions_unexplored:white_magnolia_sapling":1,"alexsmobs:falconry_hood":1,"iceandfire:dragonbone_sword":1,"born_in_chaos_v1:ethereal_spirit":3,"regions_unexplored:brown_snowbelle":1,"minecraft:spyglass":1,"regions_unexplored:oak_shrub":1,"duneons:stonebricksdirtwall":2,"minecraft:gravel":1078,"duneons:highlandfern":2,"sophisticatedbackpacks:auto_blasting_upgrade":1,"tombstone:decorative_subaraki_grave":4,"alexscaves:pewen_stairs":1,"duneons:rugmetal":1,"regions_unexplored:cypress_fence":1,"minecraft:spruce_sapling":4,"minecraft:spruce_log":47,"duneons:patternedbrikerslab":1,"cataclysm:flame_eye":3,"aether:skyroot_fence_gate":1,"create:cut_limestone_stairs":1,"iceandfire:dragonscales_copper":19,"biomesoplenty:flowering_oak_sapling":31,"tombstone:scroll_of_true_sight":1,"tombstone:green_marble_stairs":2,"alexsmobs:centipede_leggings":1,"alexscaves:pearl":1,"biomesoplenty:maple_sapling":215,"minecraft:purple_bed":1,"minecraft:stone_axe":2,"icarus:green_mechanical_feathered_wings":1,"iceandfire:silver_sword":2,"duneons:spideregg":1,"create:weighted_ejector":1,"securitycraft:reinforced_stone_slab":1,"minecraft:diamond_axe":1,"create:rose_quartz":1,"iceandfire:dragonforge_ice_input":1,"iceandfire:tide_red_boots":1,"inventorypets:pet_heart":1,"aether:carved_stairs":1,"minecraft:oak_button":1,"regions_unexplored:stripped_pine_wood":1,"minecraft:melon_seeds":5,"regions_unexplored:palm_beard":1,"biomesoplenty:mahogany_button":2,"minecraft:pink_dye":2,"minecraft:ender_pearl":12,"iceandfire:deathworm_egg":1,"minecraft:redstone_block":2,"inventorypets:pet_end_portal":1,"minecraft:iron_trapdoor":1,"iter_rpg:stone_spear":1,"biomesoplenty:dead_boat":1,"minecraft:green_stained_glass_pane":2,"iceandfire:fire_stew":1,"selfexpression:dragon_leggings":1,"iceandfire:dragonegg_white":1,"regions_unexplored:cobalt_sign":1,"tombstone:green_marble_slab":1,"alexsmobs:enderiophage_rocket":2,"duneons:outpostblueplanksbutton":1,"create:wooden_bracket":1,"iceandfire:armor_silver_metal_chestplate":1,"create:cut_crimsite_brick_stairs":1,"mutantmonsters:mutant_skeleton_skull":1,"inventorypets:pet_sponge":1,"minecraft:raw_copper":646,"regions_unexplored:dead_branch":1,"minecraft:iron_leggings":2,"alexscaves:acidic_radrock":1,"minecraft:sticky_piston":1,"minecraft:netherite_ingot":3,"sophisticatedbackpacks:advanced_filter_upgrade":1,"minecraft:oak_sign":1,"create:andesite_funnel":1,"create:mechanical_press":1,"duneons:piglin_armor_1_chestplate":2,"farmersdelight:cabbage":1,"create:blue_valve_handle":1,"duneons:whip":1,"create:weathered_copper_shingle_slab":1,"regions_unexplored:ashen_dirt":2,"minecraft:redstone_torch":5,"minecraft:calcite":25,"iceandfire:dragonscale_bronze":2,"aether:zanite_block":1,"minecraft:bamboo_mosaic_stairs":2,"biomesoplenty:dead_slab":2,"regions_unexplored:cypress_chest_boat":1,"regions_unexplored:dead_chest_boat":1,"create:peculiar_bell":1,"inventorypets:pet_pufferfish":1,"minecraft:furnace":2,"iceandfire:dragonsteel_ice_boots":2,"minecraft:stick":908,"iceandfire:crackled_dirt":1,"create:waxed_oxidized_copper_tiles":1,"regions_unexplored:blue_bioshroom_fence_gate":1,"minecraft:brown_terracotta":1,"tombstone:decorative_grave_original":1,"minecraft:torch":875,"duneons:ice_oak_pressure_plate":1,"create:waxed_copper_shingles":1,"iceandfire:dragonscales_white":1,"minecraft:porkchop":175,"minecraft:dried_kelp":9,"minecraft:target":1,"alexscaves:radrock_stairs":1,"create:redstone_contact":1,"tombstone:grave_dust":53,"cataclysm:burning_ashes":2,"minecraft:jungle_chest_boat":1,"duneons:endermanstatue":2,"minecraft:waxed_exposed_cut_copper_slab":1,"minecraft:blue_stained_glass":1,"mutantmonsters:hulk_hammer":1,"regions_unexplored:argillite":8,"alexsmobs:squid_grapple":2,"regions_unexplored:palm_trapdoor":3,"simplyswords:diamond_warglaive":1,"regions_unexplored:magnolia_pressure_plate":1,"minecraft:cactus":36,"aether:golden_pendant":2,"minecraft:green_wool":1,"create:veridium":51,"duneons:polishedgranitebricks":2,"aether:iron_ring":2,"minecraft:spruce_hanging_sign":1,"mutantmonsters:mutant_skeleton_shoulder_pad":2,"regions_unexplored:joshua_wood":1,"minecraft:cod":108,"regions_unexplored:golden_larch_sapling":1,"minecraft:nautilus_shell":1,"paraglider:paraglider":1,"regions_unexplored:chalk_pillar":1,"regions_unexplored:green_bioshroom_hyphae":1,"minecraft:magma_cream":3,"iceandfire:dragonscale_red":1,"paraglider:spirit_orb":44,"minecraft:magenta_dye":3,"minecraft:tuff":2588,"duneons:melondirt":2,"regions_unexplored:redwood_door":1,"minecraft:wither_skeleton_skull":7,"minecraft:acacia_boat":1,"artifacts:pickaxe_heater":3,"justhammers:diamond_destructor_hammer":9,"regions_unexplored:pine_sign":1,"minecraft:lapis_lazuli":962,"minecraft:pink_banner":2,"minecraft:green_candle":2,"minecraft:deepslate_brick_slab":1,"minecraft:raw_gold":643,"minecraft:cobbled_deepslate_slab":1,"create:small_asurine_bricks":2,"minecraft:light_blue_dye":1,"alexscaves:guanostone_slab":3,"duneons:claymoreblade":1,"selfexpression:gena_play_1_boots":1,"tombstone:scroll_of_reach":2,"inventorypets:feed_bag":2,"duneons:granitebricks":1,"minecraft:oak_planks":5,"minecraft:stone_hoe":2,"biomesoplenty:umbran_hanging_sign":1,"minecraft:mossy_stone_brick_stairs":1,"create:cut_scoria_bricks":1,"create:green_seat":1,"duneons:cold_nightarmor_helmet":2,"iceandfire:dragonforge_fire_brick":1,"minecraft:ghast_tear":1,"inventorypets:pet_spider":2,"biomesoplenty:willow_trapdoor":1,"regions_unexplored:palm_sign":2,"minecraft:cooked_porkchop":1,"duneons:settlementstonebricksslab":1,"alexscaves:thornwood_button":1,"minecraft:poisonous_potato":3,"icarus:yellow_mechanical_leather_wings":1,"iter_rpg:magmanum_block":1,"minecraft:pink_stained_glass_pane":1,"regions_unexplored:redwood_trapdoor":1,"duneons:dungeonscharredcobblestoneslab":2,"minecraft:sand":38858,"minecraft:jungle_planks":3,"iceandfire:banner_pattern_bird":1,"aether:holystone_sword":1,"blue_skies:maple_chest":1,"securitycraft:reinforced_chiseled_crystal_quartz_block":1,"minecraft:cyan_bed":2,"inventorypets:pet_black_hole":1,"alexscaves:bone_nodule":1,"iceandfire:podium_dark_oak":1,"alexsmobs:bison_carpet":2,"minecraft:shulker_box":1,"iceandfire:banner_pattern_feather":1,"minecraft:dark_prismarine":158,"minecraft:spruce_fence_gate":1,"create:cut_diorite_brick_stairs":1,"minecraft:clay":1,"regions_unexplored:hanging_earlight_fruit":3,"minecraft:mangrove_wood":1,"minecraft:diamond":1950,"regions_unexplored:willow_shrub":1,"alexsmobs:transmutation_table":3,"iceandfire:dragon_ice":3,"regions_unexplored:cypress_trapdoor":1,"farmersdelight:rice_bag":2,"create:polished_cut_veridium_stairs":2,"minecraft:oak_sapling":272,"minecraft:nether_star":8,"minecraft:fishing_rod":1,"minecraft:charcoal":3,"alexscaves:thornwood_sign":1,"minecraft:end_stone_brick_stairs":3,"tombstone:easter_egg_food":1,"minecraft:chicken":28,"alexscaves:metal_barrel":1,"iceandfire:fire_lily":1,"inventorypets:pet_enderman":1,"iceandfire:armor_electric_boots":1,"biomesoplenty:flesh":6,"minecraft:gold_block":55,"iceandfire:dragonforge_ice_core_disabled":1,"regions_unexplored:light_gray_painted_stairs":3,"regions_unexplored:green_painted_slab":2,"regions_unexplored:maple_leaves":4,"inventorypets:pet_wolf":1,"minecraft:orange_concrete":1,"minecraft:iron_axe":1,"minecraft:item_frame":2,"inventorypets:pet_cloud":9,"minecraft:warped_fence":1,"regions_unexplored:willow_stairs":2,"minecraft:cyan_carpet":1,"biomesoplenty:palm_button":1,"alexscaves:galena_wall":2,"biomesoplenty:willow_planks":1,"farmersdelight:half_tatami_mat":1,"duneons:redgoldvangardcarpet":1,"minecraft:oak_boat":1,"create:basin":1,"minecraft:observer":1,"minecraft:sugar_cane":37,"minecraft:lectern":1,"regions_unexplored:redwood_planks":1,"create:waxed_oxidized_copper_tile_slab":1,"create:linear_chassis":1,"farmersdelight:golden_knife":1,"minecraft:phantom_membrane":5,"minecraft:raw_iron":3576,"tombstone:ankh_of_pray":2,"iceandfire:dragonbone":49,"minecraft:orange_dye":1,"iceandfire:dragonscales_green":1,"duneons:ice_oak_stairs":1,"regions_unexplored:silver_birch_leaf_pile":6,"minecraft:copper_ingot":31,"minecraft:red_stained_glass_pane":1,"minecraft:bowl":1,"minecraft:gray_dye":2,"alexscaves:limestone_chiseled":1,"iceandfire:dragonarmor_silver_body":1,"aether:skyroot_wood":1,"minecraft:stone_button":2,"regions_unexplored:gray_painted_planks":1,"alexsmobs:crocodile_scute":1,"duneons:stronghold_table":1,"duneons:nethergrass":1,"aether:angelic_slab":1,"create:polished_cut_andesite_slab":3,"iceandfire:silver_ingot":2,"minecraft:arrow":260,"icarus:light_gray_mechanical_leather_wings":2,"biomesoplenty:palm_slab":1,"regions_unexplored:maple_sapling":37,"alexscaves:galena_brick_slab":1,"selfexpression:officer_boots":1,"newshieldvariants:diamond_shield":1,"alexscaves:spelunkery_table":1,"artifacts:running_shoes":1,"alexscaves:hazmat_warning_block":2,"alexscaves:abyssmarine_brick_stairs":3,"bosses_of_mass_destruction:ancient_anima":5,"duneons:bamboo_wood_pressure_plate":1,"minecraft:soul_campfire":1,"minecraft:lime_stained_glass":1,"minecraft:wet_sponge":326,"farmersdelight:light_gray_canvas_sign":1,"inventorypets:pet_cobblestone":1,"minecraft:air":0,"minecraft:oxidized_cut_copper_stairs":1,"regions_unexplored:red_painted_slab":2,"justhammers:stone_destructor_hammer":1,"artifacts:digging_claws":1,"minecraft:glow_ink_sac":3,"minecraft:salmon":4,"create:cut_dripstone":1,"duneons:wrapped_gift":1,"create:oak_window":1,"create:andesite_alloy":1,"regions_unexplored:tassel":1,"biomesoplenty:redwood_button":1,"tombstone:voodoo_poppet":1,"biomesoplenty:cut_black_sandstone_slab":1,"minecraft:cut_copper_slab":1,"create:cut_scorchia_slab":1,"iceandfire:tide_deepblue_leggings":1,"alexscaves:fertilizer":1,"minecraft:waxed_weathered_cut_copper":1,"alexscaves:cloak_of_darkness":1,"minecraft:red_sandstone":1,"minecraft:fire_coral_block":1,"duneons:mobmasher":7,"blue_skies:dusk_fence_gate":1,"sophisticatedbackpacks:smelting_upgrade":1,"duneons:highlandbrickschiseled":4,"iceandfire:sea_serpent_scales_deepblue":16,"minecraft:soul_sand":62,"biomesoplenty:willow_slab":1,"sophisticatedbackpacks:blasting_upgrade":1,"sophisticatedbackpacks:diamond_backpack":1,"minecraft:book":10,"alexscaves:geothermal_vent_thin":1,"minecraft:oak_slab":7,"regions_unexplored:eucalyptus_sapling":1,"minecraft:birch_boat":2,"create:polished_cut_scorchia_stairs":1,"minecraft:bamboo_planks":1,"minecraft:red_concrete_powder":1,"inventorypets:pet_april_fool":1,"create:cut_granite_wall":1,"minecraft:raw_iron_block":8,"minecraft:dripstone_block":1,"minecraft:magenta_stained_glass_pane":1,"alexsmobs:tarantula_hawk_elytra":1,"selfexpression:blue_boots":1,"iceandfire:myrmex_jungle_axe":1,"justhammers:stone_hammer":1,"sophisticatedbackpacks:stack_upgrade_tier_1":1,"minecraft:white_bed":2,"create:pink_seat":3,"minecraft:dark_oak_fence_gate":1,"alexscaves:abyssmarine_bricks":2,"minecraft:green_carpet":2,"minecraft:mossy_stone_brick_slab":2,"minecraft:spider_eye":10,"minecraft:bamboo_mosaic":1,"farmersdelight:roasted_mutton_chops":1,"simplyswords:diamond_greathammer":2,"biomesoplenty:stripped_palm_wood":1,"regions_unexplored:joshua_door":2,"minecraft:lime_dye":1,"blue_skies:ventium_ingot":1,"create:brass_ingot":1,"iceandfire:desert_myrmex_cocoon":1,"biomesoplenty:mahogany_door":1,"biomesoplenty:hellbark_stairs":1,"farmersdelight:magenta_canvas_sign":2,"minecraft:iron_helmet":1,"tombstone:decorative_grave_normal":2,"regions_unexplored:maple_log":224,"duneons:outpostwood_stairs":1,"tombstone:magic_scroll":8,"aether:angelic_wall":1,"minecraft:black_wool":1,"regions_unexplored:kapok_pressure_plate":1,"aether:gravitite_axe":1,"minecraft:coal":1837,"farmersdelight:honey_cookie":1},"minecraft:used":{"minecraft:moss_block":2,"minecraft:soul_sand":10,"minecraft:bow":220,"minecraft:cooked_cod":50,"duneons:miniredstonegolem":2,"minecraft:prismarine":59,"iceandfire:dragonbone_sword_ice":100,"minecraft:wooden_pickaxe":49,"minecraft:golden_apple":18,"minecraft:glow_berries":5,"create:pink_seat":1,"alexscaves:hazmat_skull_block":1,"regions_unexplored:palm_sign":1,"minecraft:diamond_sword":3,"minecraft:purple_wool":1,"vanillaplustools:diamond_shovel":6758,"iceandfire:silver_sword":370,"duneons:darkdominosbricks":1,"minecraft:torch":2755,"duneons:crumsoncoresword":53,"farmersdelight:white_hanging_canvas_sign":1,"alexscaves:resistor_shield":8,"blue_skies:maple_chest":1,"minecraft:iron_block":166,"alexscaves:guanostone_slab":1,"minecraft:trapped_chest":1,"regions_unexplored:willow_fence":1,"farmersdelight:dark_oak_cabinet":1,"minecraft:bamboo_mosaic_stairs":1,"minecraft:diamond_block":205,"tombstone:green_marble_slab":1,"alexsmobs:flying_fish":4,"minecraft:diamond_pickaxe":4298,"minecraft:diamond_shovel":14342,"minecraft:suspicious_stew":1,"minecraft:porkchop":25,"minecraft:cooked_porkchop":126,"biomesoplenty:fir_log":8,"biomesoplenty:dead_fence_gate":1,"iceandfire:jungle_myrmex_cocoon":1,"create:magenta_seat":1,"regions_unexplored:joshua_door":1,"alexscaves:block_of_uranium":2,"minecraft:obsidian":17,"minecraft:raw_gold_block":1,"minecraft:item_frame":1,"minecraft:wither_skeleton_skull":6,"create:crushing_wheel":1,"minecraft:stone_pickaxe":112,"minecraft:oak_planks":172,"minecraft:sandstone":699,"minecraft:diamond_axe":6461,"minecraft:white_wool":1,"justhammers:diamond_destructor_hammer":3525,"minecraft:lever":1,"create:polished_cut_andesite_slab":1,"minecraft:bread":76,"create:polished_cut_scorchia_stairs":1,"paraglider:kakariko_goddess_statue":2,"enchantmentmachine:disenchanter_block":2,"minecraft:deepslate":21,"tombstone:decorative_subaraki_grave":1,"minecraft:chain":1,"minecraft:bone_meal":39,"duneons:highlandberries":29,"minecraft:flint_and_steel":75,"duneons:saber":2579,"create:small_scorchia_brick_wall":1,"regions_unexplored:red_painted_slab":1,"farmersdelight:rice_bag":1,"minecraft:cooked_chicken":53,"minecraft:dirt":75,"minecraft:prismarine_bricks":3,"minecraft:wooden_axe":121,"simplyswords:diamond_greathammer":3,"minecraft:black_stained_glass":1,"cataclysm:end_stone_teleport_trap_bricks":1,"minecraft:cooked_beef":135,"minecraft:enchanted_golden_apple":1,"farmersdelight:skillet":11,"regions_unexplored:ashen_dirt":1,"minecraft:baked_potato":303,"minecraft:birch_boat":1,"create:polished_cut_veridium_stairs":1,"tombstone:tablet_of_home":1,"alexscaves:radgill_bucket":5,"duneons:goldiron_butto":1,"minecraft:chicken":1,"regions_unexplored:brimwood_stairs":1,"create:large_water_wheel":1,"minecraft:stone_axe":132,"regions_unexplored:redwood_trapdoor":1,"minecraft:brown_stained_glass_pane":1,"duneons:wrapped_gift":1,"regions_unexplored:maple_log":224,"webdisplays:screen":1,"justhammers:netherite_destructor_hammer":2132,"create:copper_door":1,"minecraft:nether_brick_fence":2,"minecraft:chest":110,"regions_unexplored:cypress_door":1,"farmersdelight:melon_popsicle":1,"minecraft:wet_sponge":257,"biomesoplenty:magic_hanging_sign":1,"duneons:stonetablemaping":1,"mutantmonsters:hulk_hammer":1,"minecraft:furnace":15,"minecraft:egg":99,"minecraft:potato":289,"minecraft:diorite":169,"regions_unexplored:green_bioshroom_hyphae":1,"iceandfire:troll_weapon_trunk":7,"minecraft:sand":12526,"cataclysm:lionfish":2,"regions_unexplored:cypress_slab":1,"regions_unexplored:yellow_bioshroom_sign":1,"duneons:stonebricksdirtwall":1,"duneons:highlandstone":1,"duneons:dominoesdirtblock":2,"minecraft:netherrack":269,"minecraft:anvil":2,"minecraft:ancient_debris":10,"create:small_diorite_brick_stairs":1,"alexsmobs:enderiophage_rocket":1,"enchantmentmachine:enchantment_block":1,"tombstone:gift":20,"minecraft:cobbled_deepslate":958,"create:smart_fluid_pipe":1,"minecraft:water_bucket":68,"minecraft:lime_wool":1,"regions_unexplored:green_painted_stairs":1,"regions_unexplored:eucalyptus_hanging_sign":1,"minecraft:salmon":1,"justhammers:diamond_hammer":1386,"minecraft:oak_slab":6,"minecraft:crafting_table":19,"biomesoplenty:hellbark_slab":1,"minecraft:cod":44,"minecraft:oak_log":1053,"duneons:rainbowglass":1,"minecraft:dark_prismarine":6,"minecraft:iron_pickaxe":324,"minecraft:cobblestone":3415,"bosses_of_mass_destruction:charged_ender_pearl":4,"duneons:rapierred":215,"minecraft:kelp":4,"blue_skies:starlit_bookshelf":1,"enchantmentmachine:enchanter_block":1,"minecraft:nether_bricks":216,"minecraft:carrot":1083,"minecraft:tuff":50,"sophisticatedbackpacks:diamond_backpack":1,"minecraft:glass":5877,"alexscaves:acid_bucket":13,"farmersdelight:tomato":5,"minecraft:stone_bricks":478,"minecraft:red_carpet":1,"biomesoplenty:black_sandstone_slab":1,"minecraft:sponge":267,"regions_unexplored:redwood_door":1,"minecraft:shears":714,"minecraft:redstone_torch":1,"minecraft:gravel":13,"minecraft:andesite":161,"minecraft:experience_bottle":14,"simplyswords:sunfire":9,"alexsmobs:transmutation_table":1,"minecraft:spyglass":26,"duneons:chest_piglin_small":1,"minecraft:granite":2,"iceandfire:dragonsteel_lightning_axe":12,"biomesoplenty:orange_sand":4,"duneons:stronghold_table":1,"minecraft:cooked_mutton":29,"minecraft:blue_wool":1,"minecraft:beacon":4,"iceandfire:amphithere_macuahuitl":2,"tombstone:bag_of_seeds":4,"minecraft:apple":140,"minecraft:map":1,"iceandfire:dragonsteel_ice_axe":892,"biomesoplenty:mahogany_button":1,"minecraft:bucket":87,"alexscaves:guanostone_brick_slab":1},"minecraft:mined":{"minecraft:white_bed":2,"regions_unexplored:brimsprout":1,"minecraft:red_nether_bricks":1,"biomesoplenty:hellbark_slab":1,"minecraft:granite":275,"minecraft:acacia_log":3,"minecraft:nether_wart":13,"minecraft:spawner":15,"minecraft:polished_blackstone_bricks":6,"minecraft:magma_block":43,"duneons:chest_piglin_small":1,"minecraft:cobbled_deepslate":171,"minecraft:fire":83,"iceandfire:gold_pile":1,"minecraft:kelp_plant":623,"regions_unexplored:duckweed":3,"biomesoplenty:brimstone_fumarole":1,"minecraft:powder_snow":4,"minecraft:torch":460,"minecraft:dead_bush":3,"biomesoplenty:dead_fence_gate":1,"minecraft:sugar_cane":9,"minecraft:amethyst_block":5,"mca:cross_headstone":1,"paraglider:horned_statue":1,"sophisticatedbackpacks:diamond_backpack":1,"minecraft:grass":240,"minecraft:smooth_basalt":15,"duneons:dungeonscharreddirt":17,"minecraft:deepslate":191,"create:zinc_ore":14,"duneons:tombstone":1,"biomesoplenty:orange_autumn_leaves":2,"minecraft:dark_prismarine":35,"duneons:kelpstonebircks":123,"minecraft:dark_oak_log":144,"minecraft:sea_lantern":113,"duneons:highlandtallgrass":4,"regions_unexplored:maple_leaves":4,"alexscaves:mussel":1,"biomesoplenty:jacaranda_log":18,"minecraft:andesite":282,"minecraft:green_terracotta":1,"biomesoplenty:flesh":6,"minecraft:vine":1,"regions_unexplored:small_oak_log":15,"minecraft:bone_block":1,"regions_unexplored:orange_coneflower":2,"minecraft:oak_slab":2,"minecraft:redstone_block":2,"minecraft:soul_sand":62,"minecraft:dandelion":2,"minecraft:cornflower":1,"regions_unexplored:salmon_poppy_bush":3,"regions_unexplored:silt_dirt":2,"minecraft:copper_ore":10,"minecraft:tall_grass":25,"farmersdelight:wild_tomatoes":1,"create:magenta_seat":1,"minecraft:deepslate_gold_ore":8,"minecraft:diorite":170,"minecraft:purple_wool":1,"biomesoplenty:redwood_slab":1,"minecraft:coarse_dirt":2,"duneons:smalltraylobbyplant":1,"duneons:rainbowglass":1,"create:smart_fluid_pipe":1,"minecraft:gravel":2497,"minecraft:cobweb":7,"minecraft:stone_bricks":13,"minecraft:gold_ore":1,"minecraft:fern":24,"duneons:darkstonebricks":5,"biomesoplenty:flowering_oak_leaves":4,"regions_unexplored:purple_coneflower":7,"minecraft:sculk_catalyst":2,"create:asurine":1,"duneons:glowmelonroot":2,"duneons:sandstar":1,"minecraft:deepslate_redstone_ore":4,"alexscaves:block_of_uranium":2,"minecraft:beacon":1,"minecraft:nether_quartz_ore":5,"minecraft:oak_planks":3,"minecraft:wall_torch":35,"paraglider:kakariko_goddess_statue":1,"biomesoplenty:maple_leaves":4,"minecraft:tnt":19,"biomesoplenty:fir_log":446,"minecraft:oak_log":4656,"minecraft:dirt":1435,"minecraft:crying_obsidian":3,"minecraft:red_stained_glass":1,"minecraft:decorated_pot":1,"create:ochrum":2,"duneons:highlandgrass":3,"minecraft:spruce_leaves":1,"minecraft:raw_gold_block":1,"minecraft:gold_block":50,"minecraft:nether_brick_fence":2,"minecraft:bookshelf":3,"minecraft:stripped_oak_log":1,"minecraft:wet_sponge":326,"minecraft:acacia_leaves":3,"minecraft:basalt":1,"minecraft:prismarine_bricks":118,"duneons:wrapped_gift":1,"duneons:stonetablemaping":2,"biomesoplenty:redwood_leaves":716,"biomesoplenty:fir_leaves":1,"biomesoplenty:redwood_wood":3,"biomesoplenty:magic_wall_hanging_sign":1,"farmersdelight:rice_bag":1,"iceandfire:podium_dark_oak":1,"biomesoplenty:brimstone":3,"minecraft:obsidian":4,"duneons:charredstone":2,"biomesoplenty:orange_sandstone":7,"minecraft:oxeye_daisy":2,"biomesoplenty:palm_log":9,"minecraft:orange_concrete":1,"minecraft:tall_seagrass":500,"duneons:eminencefungussprout":1,"biomesoplenty:lavender":3,"minecraft:sculk_shrieker":5,"minecraft:dirt_path":1,"biomesoplenty:redwood_log":27,"minecraft:blue_orchid":1,"minecraft:iron_block":2,"minecraft:glass":64,"iceandfire:crackled_stone":1,"tombstone:decorative_grave_normal":1,"minecraft:wheat":4,"minecraft:stone_brick_stairs":3,"duneons:darkdominosbricks":1,"alexscaves:guanostone_slab":1,"biomesoplenty:watergrass":1,"iceandfire:silver_ore":5,"biomesoplenty:desert_grass":4,"duneons:spideregg":1,"minecraft:nether_bricks":23,"minecraft:crimson_roots":1,"minecraft:kelp":353,"biomesoplenty:dune_grass":2,"minecraft:moss_block":8,"minecraft:snow":2,"minecraft:diamond_block":55,"alexscaves:hazmat_warning_block":1,"minecraft:potatoes":256,"farmersdelight:dark_oak_cabinet":1,"duneons:nethergrass":1,"regions_unexplored:windswept_grass":2,"regions_unexplored:bladed_grass":1,"minecraft:white_wool":1,"regions_unexplored:cypress_log":98,"minecraft:brown_stained_glass_pane":1,"minecraft:sponge":256,"enchantmentmachine:disenchanter_block":1,"duneons:flowersheatherorange":1,"regions_unexplored:hanging_earlight_plant":1,"minecraft:spruce_log":49,"minecraft:birch_leaves":3,"duneons:highlandfern":2,"create:crushing_wheel":1,"regions_unexplored:tassel":1,"create:deepslate_zinc_ore":1,"regions_unexplored:maple_log":235,"minecraft:sculk_vein":49,"farmersdelight:white_wall_hanging_canvas_sign":1,"minecraft:grass_block":62,"duneons:luxury_carpet":1,"iceandfire:lectern":1,"iceandfire:crackled_cobblestone":1,"minecraft:glowstone":15,"minecraft:red_nether_brick_stairs":1,"minecraft:iron_ore":28,"iceandfire:crackled_dirt":1,"duneons:lightpinkcoral":2,"biomesoplenty:hanging_cobweb":2,"duneons:deathcoraldirt":37,"duneons:urn_loot_big_red":1,"duneons:browncoral":4,"minecraft:blackstone":1,"minecraft:clay":17,"regions_unexplored:stripped_maple_log":1,"iceandfire:dragon_ice_spikes":1,"minecraft:calcite":14,"minecraft:chest":20,"duneons:dominoesdirtblock":1,"minecraft:cobblestone":633,"minecraft:slime_block":35,"minecraft:prismarine":81,"minecraft:seagrass":110,"minecraft:birch_log":84,"biomesoplenty:clover":3,"minecraft:sand":38133,"minecraft:netherrack":92,"minecraft:oak_leaves":142,"alexscaves:spelunkery_table":1,"minecraft:tuff":9,"minecraft:deepslate_diamond_ore":12,"iceandfire:crackled_gravel":3,"biomesoplenty:bush":5,"iceandfire:frozen_stone":1,"duneons:highlandstone":1,"alexscaves:bone_worms":1,"minecraft:white_stained_glass":1,"duneons:kelpstonebirckscarved":112,"minecraft:sandstone":654,"minecraft:large_fern":3,"iceandfire:jungle_myrmex_cocoon":1,"minecraft:furnace":2,"minecraft:carrots":180,"duneons:loot_biggrey":5,"duneons:melondirt":3,"regions_unexplored:medium_grass":12,"minecraft:stone":2074,"biomesoplenty:orange_sand":674,"minecraft:crafting_table":5,"minecraft:rose_bush":9,"minecraft:sculk_sensor":4,"minecraft:lectern":1,"biomesoplenty:sprout":8,"minecraft:lapis_ore":1,"minecraft:lily_pad":312,"minecraft:sculk":38,"minecraft:cactus":1,"biomesoplenty:yellow_autumn_leaves":1,"minecraft:coal_ore":89,"regions_unexplored:green_painted_stairs":1,"minecraft:polished_andesite":1},"minecraft:broken":{"minecraft:shears":3,"aether:iron_gloves":1,"minecraft:iron_pickaxe":1,"duneons:goatgear_helmet":1,"minecraft:stone_axe":1,"duneons:piglin_armor_1_helmet":2,"minecraft:wooden_axe":1,"minecraft:flint_and_steel":1},"minecraft:crafted":{"justhammers:netherite_hammer":1,"enchantmentmachine:enchantment_block":1,"minecraft:diamond_shovel":22,"justhammers:reinforced_core":1,"minecraft:beacon":1,"inventorypets:nugget_obsidian":9,"minecraft:iron_pickaxe":3,"minecraft:netherite_ingot":9,"minecraft:iron_nugget":5406,"regions_unexplored:cypress_planks":96,"minecraft:stone_pickaxe":1,"justhammers:diamond_destructor_hammer":1,"sophisticatedbackpacks:gold_backpack":1,"inventorypets:pet_anvil":1,"inventorypets:nugget_lapis":27,"minecraft:cooked_chicken":8,"minecraft:chest":90,"minecraft:stone_bricks":1024,"minecraft:arrow":40,"biomesoplenty:jacaranda_planks":8,"sophisticatedbackpacks:diamond_backpack":1,"minecraft:stick":544,"minecraft:iron_ingot":514,"minecraft:furnace":16,"minecraft:flint_and_steel":2,"justhammers:destructor_core":1,"inventorypets:pet_illuminati":3,"minecraft:anvil":2,"minecraft:torch":2060,"iceandfire:armor_copper_boots":1,"minecraft:cooked_mutton":29,"vanillaplustools:diamond_shovel":2,"minecraft:emerald":9,"minecraft:cooked_porkchop":134,"minecraft:diamond_axe":1,"inventorypets:pet_enchanting_table":1,"minecraft:iron_block":300,"minecraft:gold_ingot":161,"minecraft:bone_meal":39,"minecraft:redstone_block":48,"minecraft:golden_apple":15,"minecraft:wooden_axe":2,"minecraft:white_bed":1,"minecraft:oak_planks":948,"justhammers:diamond_hammer":2,"minecraft:oak_slab":6,"sophisticatedbackpacks:backpack":1,"minecraft:crafting_table":14,"justhammers:reinforced_impact_core":1,"minecraft:wooden_pickaxe":1,"minecraft:baked_potato":290,"minecraft:gold_block":5,"iceandfire:armor_copper_leggings":1,"biomesoplenty:fir_planks":164,"minecraft:diamond_pickaxe":1,"minecraft:charcoal":19,"minecraft:sponge":1,"minecraft:shears":3,"minecraft:redstone":54,"minecraft:coal":22,"minecraft:diamond_block":173,"inventorypets:pet_iron_golem":2,"inventorypets:nugget_emerald":514,"minecraft:netherite_scrap":36,"sophisticatedbackpacks:iron_backpack":1,"minecraft:cooked_beef":151,"minecraft:cooked_cod":50,"inventorypets:pet_sponge":1,"minecraft:bucket":1,"minecraft:stone_axe":1,"minecraft:air":0,"inventorypets:nugget_coal":200,"minecraft:gold_nugget":9,"justhammers:impact_core":1,"minecraft:acacia_planks":40,"minecraft:lapis_block":17},"minecraft:custom":{"minecraft:interact_with_crafting_table":187,"minecraft:damage_blocked_by_shield":170,"minecraft:play_time":4645535,"minecraft:deaths":2,"minecraft:jump":34132,"tombstone:kill_undead_boss":2,"tombstone:undead_killed":298,"minecraft:horse_one_cm":2013582,"minecraft:interact_with_anvil":34,"tombstone:raider_killed":20,"minecraft:time_since_rest":2827094,"minecraft:swim_one_cm":1701341,"minecraft:open_chest":3406,"minecraft:open_shulker_box":9,"minecraft:damage_resisted":146,"minecraft:talked_to_villager":3,"minecraft:interact_with_beacon":22,"tombstone:villager_killed":4,"minecraft:damage_dealt_resisted":2202,"minecraft:boat_one_cm":2867,"minecraft:damage_taken":65883,"minecraft:aviate_one_cm":87325,"minecraft:open_barrel":102,"minecraft:leave_game":58,"minecraft:time_since_death":2827495,"minecraft:enchant_item":42,"minecraft:interact_with_furnace":495,"minecraft:sleep_in_bed":1,"minecraft:damage_dealt":287577,"minecraft:interact_with_smithing_table":2,"minecraft:damage_dealt_absorbed":666,"minecraft:sneak_time":188049,"minecraft:interact_with_lectern":1,"minecraft:interact_with_blast_furnace":1,"minecraft:total_world_time":4645535,"minecraft:fly_one_cm":16621523,"minecraft:fall_one_cm":1313194,"minecraft:animals_bred":1,"minecraft:sprint_one_cm":3598881,"minecraft:drop":1695,"minecraft:walk_on_water_one_cm":903109,"minecraft:interact_with_loom":4,"minecraft:open_enderchest":1,"minecraft:crouch_one_cm":464576,"minecraft:mob_kills":1530,"minecraft:climb_one_cm":5690,"minecraft:walk_one_cm":8349722,"minecraft:walk_under_water_one_cm":3209062,"minecraft:damage_absorbed":4245,"minecraft:trigger_trapped_chest":15}},"DataVersion":3465}