{"stats":{"minecraft:killed":{"luminousworld:fawn":1,"born_in_chaos_v1:decrepit_skeleton":2,"minecraft:zombie":1,"born_in_chaos_v1:dread_hound":1,"minecraft:cow":4},"minecraft:dropped":{"iceandfire:silver_nugget":8,"minecraft:moss_carpet":1,"minecraft:wheat_seeds":2,"alexsmobs:animal_dictionary":1,"duneons:woodbacket":1,"minecraft:cherry_sapling":1,"minecraft:rotten_flesh":14,"duneons:cobwebdig":1,"patchouli:guide_book":1,"minecraft:stick":2,"minecraft:stone":1,"luminousworld:raw_venison":2,"regions_unexplored:salmon_poppy_bush":23,"tombstone:grave_dust":2,"farmersdelight:onion":1,"minecraft:spider_eye":1,"minecraft:wooden_pickaxe":2,"regions_unexplored:poppy_bush":5,"regions_unexplored:silver_birch_leaf_pile":2},"minecraft:picked_up":{"regions_unexplored:small_oak_log":1,"luminousworld:groundpebbles_1":1,"minecraft:crafting_table":2,"minecraft:cooked_beef":4,"minecraft:allium":2,"minecraft:leather":4,"duneons:villager_statuesmooth":1,"minecraft:oak_log":22,"luminousworld:raw_venison":2,"minecraft:brewing_stand":1,"regions_unexplored:salmon_poppy_bush":17,"paraglider:goddess_statue":1,"minecraft:moss_carpet":1,"regions_unexplored:poppy_bush":4,"minecraft:bone":2,"minecraft:apple":1,"minecraft:wheat_seeds":1,"minecraft:beef":9,"minecraft:iron_ingot":1,"minecraft:oak_boat":2,"minecraft:sugar_cane":9,"minecraft:egg":1,"minecraft:furnace":2,"minecraft:stick":5,"duneons:woodbacket":1,"minecraft:stone":1,"regions_unexplored:silver_birch_leaf_pile":2,"minecraft:pumpkin":11,"duneons:bigwellwater":1,"minecraft:cherry_log":1,"tombstone:grave_dust":2,"minecraft:blast_furnace":1,"minecraft:white_bed":2,"minecraft:carrot":2,"minecraft:spider_eye":1,"minecraft:rotten_flesh":14,"farmersdelight:onion":1,"minecraft:hay_block":9,"minecraft:emerald":1,"minecraft:cherry_sapling":5,"minecraft:bread":20,"minecraft:oak_sapling":1,"duneons:cobwebdig":1,"iceandfire:silver_nugget":8,"minecraft:coal":26,"minecraft:cobblestone":58},"minecraft:used":{"minecraft:cherry_sapling":5,"minecraft:stone_pickaxe":39,"minecraft:wooden_pickaxe":60,"minecraft:iron_sword":33,"luminousworld:groundpebbles_1":1,"minecraft:crafting_table":2,"minecraft:allium":2,"minecraft:white_bed":1,"regions_unexplored:salmon_poppy_bush":1,"minecraft:bread":14,"regions_unexplored:poppy_bush":2,"minecraft:stone_axe":48,"minecraft:oak_sapling":1,"minecraft:egg":1,"minecraft:oak_boat":2},"minecraft:mined":{"duneons:woodbacket":1,"duneons:vasedungeon":1,"biomesoplenty:watergrass":7,"minecraft:white_bed":2,"farmersdelight:wild_carrots":1,"minecraft:brewing_stand":1,"minecraft:crafting_table":2,"minecraft:blast_furnace":1,"regions_unexplored:salmon_poppy_bush":14,"regions_unexplored:poppy_bush":5,"biomesoplenty:high_grass_plant":34,"duneons:villager_statuesmooth":1,"minecraft:tall_grass":4,"minecraft:cobblestone":1,"minecraft:moss_block":1,"minecraft:sugar_cane":4,"minecraft:hay_block":9,"farmersdelight:wild_onions":1,"minecraft:furnace":2,"minecraft:carrots":1,"duneons:bigwellwater":1,"biomesoplenty:pink_daffodil":2,"minecraft:pumpkin":11,"minecraft:grass":8,"biomesoplenty:clover":1,"minecraft:oak_log":23,"minecraft:coal_ore":26,"iceandfire:silver_pile":1,"biomesoplenty:high_grass":15,"duneons:cobwebdig":1,"duneons:loot_biggrey":1,"regions_unexplored:medium_grass":1,"luminousworld:groundpebbles_2":1,"regions_unexplored:small_oak_log":1,"minecraft:stone":58,"minecraft:oak_leaves":1,"duneons:tombstone":1,"paraglider:goddess_statue":1},"minecraft:broken":{"minecraft:wooden_pickaxe":1},"minecraft:crafted":{"minecraft:cherry_planks":4,"minecraft:oak_planks":28,"minecraft:crafting_table":1,"minecraft:stone_axe":1,"minecraft:oak_boat":1,"minecraft:stick":4,"minecraft:stone_pickaxe":1},"minecraft:custom":{"minecraft:mob_kills":9,"minecraft:interact_with_crafting_table":2,"minecraft:interact_with_campfire":4,"minecraft:leave_game":2,"minecraft:time_since_death":38364,"minecraft:sleep_in_bed":1,"minecraft:time_since_rest":25304,"minecraft:sprint_one_cm":120796,"minecraft:damage_taken":288,"minecraft:walk_one_cm":85884,"minecraft:drop":22,"minecraft:damage_dealt":1922,"minecraft:swim_one_cm":32591,"minecraft:fly_one_cm":241363,"minecraft:player_kills":1,"minecraft:open_chest":10,"minecraft:play_time":38364,"minecraft:crouch_one_cm":2467,"tombstone:undead_killed":3,"minecraft:sneak_time":589,"minecraft:walk_under_water_one_cm":6084,"minecraft:boat_one_cm":88951,"tombstone:tomb_raiding":1,"minecraft:jump":921,"minecraft:walk_on_water_one_cm":8841,"minecraft:total_world_time":38364,"minecraft:fall_one_cm":30703}},"DataVersion":3465}