{"stats":{"minecraft:killed":{"minecraft:cod":6,"minecraft:guardian":1,"alexsmobs:centipede_head":1,"minecraft:salmon":11,"minecraft:pillager":21,"minecraft:zombie":512,"alexsmobs:cachalot_whale":6,"iceandfire:lightning_dragon":1,"mutantmonsters:mutant_creeper":1,"iceandfire:sea_serpent":4,"mca:female_zombie_villager":1,"mca:male_zombie_villager":3,"minecraft:vindicator":4,"duneons:frozenzombie":1,"cataclysm:deepling_angler":2,"iceandfire:cyclops":1,"minecraft:ravager":1,"alexsmobs:giant_squid":1,"mutantmonsters:creeper_minion":9,"iceandfire:ghost":6,"iceandfire:ice_dragon":1,"duneons:geomancer":1,"minecraft:zombified_piglin":7,"minecraft:witch":15,"minecraft:spider":88,"duneons:sunkenskeletonyellow":1,"minecraft:piglin_brute":1,"minecraft:piglin":7,"minecraft:sheep":10,"minecraft:trader_llama":3,"alexsmobs:terrapin":1,"duneons:sunkenskeletonred":1,"alexsmobs:tasmanian_devil":1,"minecraft:slime":81,"alexsmobs:comb_jelly":1,"minecraft:drowned":20,"duneons:blazespawner":1,"alexsmobs:cockroach":2,"minecraft:wither_skeleton":4,"alexsmobs:lobster":1,"minecraft:cave_spider":14,"mythicmounts:dragon":6,"duneons:wraith":8,"minecraft:skeleton":195,"minecraft:chicken":38,"alexsmobs:seal":1,"mutantmonsters:mutant_skeleton":1,"duneons:junglezombie":2,"born_in_chaos_v1:door_knight":1,"minecraft:cow":4,"alexsmobs:raccoon":7,"duneons:vindicatorvariant":7,"minecraft:wandering_trader":1,"alexsmobs:catfish":4,"minecraft:enderman":12,"artifacts:mimic":14,"minecraft:pig":18,"duneons:cauldronslime":7,"minecraft:creeper":76,"duneons:mountaineer":1,"alexsmobs:fly":1,"minecraft:blaze":12,"duneons:windcaller":1,"iceandfire:fire_dragon":1,"cataclysm:lionfish":3,"alexsmobs:bison":2,"mythicmounts:geckotoalizard":1,"alexsmobs:flying_fish":6,"duneons:redstone_pigman_monstrosity":1,"iceandfire:troll":1,"minecraft:bat":2,"duneons:sunkenskeleton":1,"alexsmobs:crow":5},"minecraft:killed_by":{"minecraft:zombie":1,"minecraft:zombified_piglin":1,"iceandfire:fire_dragon":1,"minecraft:pillager":1,"alexsmobs:cachalot_whale":2,"mutantmonsters:mutant_creeper":1,"alexsmobs:bison":1,"iceandfire:cockatrice":1,"minecraft:wither_skeleton":1,"minecraft:player":1},"minecraft:mined":{"minecraft:white_bed":12,"minecraft:granite":1368,"minecraft:acacia_log":18,"duneons:swampgrass":44,"minecraft:nether_wart":20,"minecraft:spawner":12,"minecraft:polished_blackstone_bricks":3,"minecraft:magma_block":24,"biomesoplenty:tall_lavender":1,"minecraft:fire":128,"minecraft:barrel":1,"minecraft:cobbled_deepslate":110,"minecraft:fletching_table":3,"minecraft:deepslate_lapis_ore":63,"iceandfire:gold_pile":171,"minecraft:tripwire":1,"biomesoplenty:jacaranda_leaves":35,"minecraft:kelp_plant":20,"biomesoplenty:jacaranda_planks":138,"duneons:bricker":3,"regions_unexplored:pine_trapdoor":1,"minecraft:torch":21,"minecraft:melon":35,"minecraft:sugar_cane":292,"minecraft:amethyst_block":22,"regions_unexplored:pine_log":141,"mca:cross_headstone":2,"minecraft:birch_sapling":1,"minecraft:white_terracotta":3,"minecraft:grass":274,"minecraft:dark_oak_sapling":13,"minecraft:smooth_basalt":100,"duneons:jungle_plant":2,"minecraft:deepslate":7119,"duneons:tombstone":3,"duneons:scorchgrass":1,"create:zinc_ore":16,"farmersdelight:basket":1,"minecraft:mossy_cobblestone":9,"minecraft:dark_oak_log":439,"minecraft:dark_oak_fence":40,"minecraft:redstone_wire":1,"regions_unexplored:maple_leaves":1,"duneons:fancyfence":1,"iceandfire:nest":3,"farmersdelight:wild_onions":6,"regions_unexplored:argillite":3,"biomesoplenty:jacaranda_log":748,"minecraft:redstone_ore":21,"minecraft:andesite":1656,"duneons:pattern":1,"minecraft:cobblestone_slab":7,"minecraft:vine":6,"minecraft:rail":2,"regions_unexplored:apple_oak_leaves":74,"biomesoplenty:barley":8,"biomesoplenty:rose_quartz_cluster":8,"duneons:clayvase":12,"minecraft:oak_slab":9,"minecraft:glass_pane":6,"regions_unexplored:cobalt_earlight":2,"biomesoplenty:small_rose_quartz_bud":1,"duneons:sandstonebrickcracked":2,"regions_unexplored:silt_dirt":4,"minecraft:tall_grass":20,"minecraft:copper_ore":84,"regions_unexplored:mauve_log":7,"minecraft:deepslate_gold_ore":175,"minecraft:diorite":2719,"minecraft:coarse_dirt":5,"minecraft:trapped_chest":2,"minecraft:gravel":326,"minecraft:cobweb":117,"regions_unexplored:blackstone_cluster":1,"minecraft:stone_bricks":12,"minecraft:chipped_anvil":1,"minecraft:gold_ore":56,"minecraft:fern":14,"minecraft:oak_sapling":9,"minecraft:farmland":5,"minecraft:brewing_stand":3,"minecraft:budding_amethyst":3,"duneons:swampfern":1,"biomesoplenty:redwood_pressure_plate":2,"minecraft:cracked_polished_blackstone_bricks":3,"biomesoplenty:flowering_oak_leaves":3,"regions_unexplored:purple_coneflower":2,"minecraft:composter":1,"regions_unexplored:small_oak_leaves":3,"duneons:pumpkinscarecrow":1,"minecraft:sculk_catalyst":6,"minecraft:brown_bed":2,"create:asurine":14,"alexscaves:bone_nodule":1,"regions_unexplored:larch_log":8,"sophisticatedbackpacks:copper_backpack":1,"iceandfire:chared_cobblestone":4,"biomesoplenty:medium_rose_quartz_bud":1,"minecraft:deepslate_redstone_ore":55,"minecraft:quartz_block":3,"minecraft:medium_amethyst_bud":1,"biomesoplenty:jacaranda_slab":2,"regions_unexplored:mycotoxic_daisy":1,"farmersdelight:safety_net":10,"minecraft:nether_quartz_ore":92,"minecraft:oak_planks":240,"minecraft:wall_torch":38,"create:waxed_exposed_copper_shingle_stairs":1,"minecraft:dark_oak_slab":3,"minecraft:tnt":19,"minecraft:oak_log":732,"tombstone:decorative_grave_cross":2,"minecraft:dirt":1512,"regions_unexplored:cobalt_nylium":13,"minecraft:ancient_debris":10,"duneons:bigclayvase":5,"iceandfire:frozen_cobblestone":18,"minecraft:glow_lichen":2,"minecraft:ladder":10,"minecraft:chiseled_bookshelf":3,"minecraft:spruce_leaves":3,"biomesoplenty:jacaranda_sapling":6,"minecraft:raw_gold_block":1,"duneons:sand_2":1,"minecraft:gold_block":5,"minecraft:nether_brick_fence":2,"minecraft:bookshelf":19,"minecraft:deepslate_iron_ore":476,"minecraft:stripped_oak_log":8,"minecraft:wet_sponge":8,"minecraft:stripped_dark_oak_log":2,"minecraft:basalt":3,"duneons:coins":1,"minecraft:oak_fence":2,"regions_unexplored:maple_door":1,"duneons:dustdiamond":5,"minecraft:deepslate_coal_ore":6,"biomesoplenty:huge_clover_petal":327,"minecraft:prismarine_bricks":1,"minecraft:birch_planks":3,"duneons:wrapped_gift":2,"duneons:stonetablemaping":6,"minecraft:ice":2,"cataclysm:chorus_stem":1,"iceandfire:ash":1,"biomesoplenty:redwood_leaves":39,"minecraft:cracked_stone_bricks":7,"minecraft:mossy_stone_bricks":7,"biomesoplenty:redwood_wood":51,"minecraft:dark_oak_planks":3,"create:andesite_casing":1,"minecraft:carved_pumpkin":1,"minecraft:obsidian":107,"biomesoplenty:burning_blossom":5,"biomesoplenty:bramble":52,"duneons:bluebanner":1,"minecraft:deepslate_bricks":7,"minecraft:coal_block":4,"minecraft:deepslate_tile_stairs":2,"minecraft:chiseled_stone_bricks":1,"duneons:cornbox":1,"minecraft:tall_seagrass":8,"minecraft:sticky_piston":1,"biomesoplenty:lavender":5,"minecraft:moss_carpet":11,"minecraft:sculk_shrieker":5,"alexscaves:nuclear_bomb":3,"minecraft:cave_vines":4,"biomesoplenty:redwood_log":86,"minecraft:water_cauldron":4,"minecraft:dirt_path":1,"minecraft:small_amethyst_bud":1,"duneons:tallredmushrooms":1,"biomesoplenty:jacaranda_trapdoor":10,"minecraft:iron_block":5,"regions_unexplored:silt_grass_block":1,"create:veridium":237,"create:limestone":39,"minecraft:piston_head":2,"regions_unexplored:tall_cobalt_earlight":2,"minecraft:amethyst_cluster":1,"create:scoria":112,"regions_unexplored:cobalt_roots":2,"minecraft:cyan_bed":1,"minecraft:skeleton_skull":5,"duneons:darkoakwoodstronghold":2,"iceandfire:crackled_stone":43,"minecraft:wheat":312,"biomesoplenty:large_rose_quartz_bud":11,"minecraft:stone_brick_stairs":2,"duneons:creeperwoodstallgrass":2,"regions_unexplored:oak_shrub":1,"duneons:bigtombstone":1,"duneons:crimsonroots":1,"regions_unexplored:mycotoxic_grass":1,"biomesoplenty:watergrass":1,"iceandfire:silver_ore":55,"biomesoplenty:desert_grass":3,"duneons:sandbrick":2,"minecraft:nether_bricks":10,"minecraft:allium":4,"regions_unexplored:hanging_earlight":5,"iceandfire:deepslate_silver_ore":4,"biomesoplenty:dead_grass":5,"minecraft:kelp":8,"duneons:stackofbooks":2,"duneons:metalcubechain":1,"duneons:sand_3":1,"minecraft:potatoes":670,"biomesoplenty:high_grass":4,"duneons:mossendirt":14,"duneons:cavespideregg":3,"regions_unexplored:redwood_log":2,"regions_unexplored:windswept_grass":5,"minecraft:white_wool":3,"minecraft:smithing_table":2,"biomesoplenty:redwood_planks":3,"regions_unexplored:cypress_log":3,"minecraft:stone_brick_slab":7,"duneons:bookshelfvangard":6,"minecraft:emerald_ore":5,"biomesoplenty:high_grass_plant":3,"minecraft:cracked_deepslate_bricks":2,"regions_unexplored:hanging_earlight_plant":1,"minecraft:torchflower":2,"minecraft:spruce_log":317,"minecraft:birch_leaves":6,"minecraft:deepslate_emerald_ore":1,"duneons:boxfood":6,"minecraft:large_amethyst_bud":3,"create:deepslate_zinc_ore":32,"minecraft:spruce_planks":86,"iceandfire:graveyard_soil":5,"regions_unexplored:maple_planks":15,"regions_unexplored:maple_log":220,"minecraft:cobblestone_stairs":24,"minecraft:sculk_vein":16,"regions_unexplored:hanging_prismarite":1,"minecraft:grass_block":743,"iceandfire:lectern":1,"iceandfire:crackled_cobblestone":45,"duneons:towerbricker":1,"biomesoplenty:bramble_leaves":9,"minecraft:smooth_stone":1,"minecraft:raw_iron_block":4,"minecraft:glowstone":19,"minecraft:iron_ore":655,"minecraft:azure_bluet":25,"duneons:woodbacketwater":2,"duneons:desertvase":3,"minecraft:green_bed":2,"minecraft:blackstone":208,"minecraft:calcite":30,"minecraft:chest":45,"minecraft:cobblestone":637,"minecraft:deepslate_copper_ore":4,"minecraft:seagrass":9,"duneons:sand_4":1,"minecraft:dark_oak_door":1,"minecraft:birch_log":53,"biomesoplenty:clover":479,"minecraft:sand":75,"minecraft:netherrack":336,"create:crimsite":9,"minecraft:oak_leaves":58,"regions_unexplored:cobalt_obsidian":2,"iceandfire:chared_stone":7,"minecraft:nether_gold_ore":15,"alexscaves:spelunkery_table":3,"minecraft:diamond_ore":6,"minecraft:tuff":1086,"farmersdelight:onions":6,"minecraft:deepslate_diamond_ore":87,"minecraft:candle":4,"minecraft:oak_door":3,"iceandfire:crackled_gravel":1,"biomesoplenty:bush":54,"iceandfire:frozen_stone":26,"regions_unexplored:pine_planks":2,"minecraft:sandstone":2,"minecraft:oak_trapdoor":4,"minecraft:spruce_sapling":5,"minecraft:furnace":3,"duneons:shieldmobspawner":1,"minecraft:bell":1,"duneons:swamplog":3,"farmersdelight:rope":3,"duneons:cobwebdig":5,"minecraft:packed_ice":322,"regions_unexplored:medium_grass":17,"minecraft:stone":17867,"biomesoplenty:spider_egg":2,"minecraft:redstone_wall_torch":4,"farmersdelight:cooking_pot":1,"minecraft:podzol":1,"duneons:soggyswamobricks":7,"regions_unexplored:mycotoxic_moss":3,"minecraft:crafting_table":4,"duneons:snowstone":3,"minecraft:sculk_sensor":27,"biomesoplenty:sprout":3,"minecraft:lapis_ore":43,"minecraft:sculk":433,"minecraft:spruce_stairs":1,"minecraft:gray_wool":4,"minecraft:sweet_berry_bush":10,"iter_rpg:abyss_quartz":1,"minecraft:yellow_bed":11,"minecraft:coal_ore":749},"minecraft:picked_up":{"minecraft:red_sandstone_stairs":1,"biomesoplenty:hellbark_boat":1,"minecraft:smithing_table":2,"minecraft:lead":5,"minecraft:stone_slab":1,"create:item_drain":1,"minecraft:enchanted_book":2,"simplyswords:iron_rapier":1,"minecraft:music_disc_cat":1,"minecraft:string":151,"minecraft:dark_oak_pressure_plate":1,"minecraft:sculk_shrieker":3,"duneons:cavespideregg":3,"regions_unexplored:larch_log":8,"minecraft:warped_slab":1,"biomesoplenty:redwood_wood":45,"justhammers:reinforced_impact_core":1,"minecraft:polished_blackstone_brick_slab":4,"duneons:granitepominobricksslab":1,"minecraft:acacia_log":18,"create:andesite_casing":1,"minecraft:golden_axe":1,"minecraft:cauldron":4,"minecraft:stone_sword":1,"minecraft:lime_carpet":2,"artifacts:villager_hat":1,"farmersdelight:onion":50,"minecraft:carved_pumpkin":1,"farmersdelight:rope":168,"minecraft:white_terracotta":3,"minecraft:blaze_rod":5,"minecraft:snowball":8,"iceandfire:tide_red_leggings":1,"biomesoplenty:lavender":3,"minecraft:sponge":4,"minecraft:feather":46,"minecraft:cooked_beef":9,"farmersdelight:rice":16,"minecraft:water_bucket":2,"duneons:swampdirt":1,"alexsmobs:bison_fur":2,"minecraft:flint":26,"farmersdelight:tomato":1,"artifacts:flippers":1,"duneons:woodbacketwater":2,"create:brown_toolbox":1,"regions_unexplored:pine_sapling":9,"iceandfire:dragon_skull_fire":3,"create:steam_whistle":1,"sophisticatedbackpacks:iron_backpack":5,"regions_unexplored:cypress_log":4,"iceandfire:crackled_stone":18,"iceandfire:lectern":1,"duneons:outpostblueplanksstairs":1,"minecraft:cherry_hanging_sign":1,"minecraft:granite":885,"iceandfire:troll_leather_forest":1,"minecraft:jack_o_lantern":3,"iceandfire:raw_silver":49,"minecraft:diamond_pickaxe":3,"biomesoplenty:redwood_log":85,"iceandfire:dragon_skull_lightning":3,"sophisticatedbackpacks:gold_backpack":1,"minecraft:mud":1,"mutantmonsters:mutant_skeleton_arms":1,"regions_unexplored:green_bioshroom_fence":1,"minecraft:leather_leggings":2,"regions_unexplored:magnolia_sign":1,"regions_unexplored:blackstone_cluster":1,"biomesoplenty:jacaranda_sapling":347,"duneons:metalcubechain":1,"minecraft:flint_and_steel":1,"minecraft:iron_shovel":4,"minecraft:polished_blackstone_wall":1,"minecraft:birch_sapling":9,"duneons:creeperwoodsmoss":1,"minecraft:stone":8,"minecraft:raw_gold_block":1,"alexsmobs:cockroach_ootheca":2,"regions_unexplored:blue_bioshroom_pressure_plate":4,"sophisticatedbackpacks:backpack":3,"farmersdelight:tomato_seeds":38,"iceandfire:armor_copper_metal_boots":1,"mutantmonsters:creeper_shard":1,"iceandfire:dragon_skull_ice":1,"regions_unexplored:purple_coneflower":4,"alexsmobs:chorus_on_a_stick":2,"create:waxed_copper_shingle_stairs":1,"regions_unexplored:mauve_sapling":1,"duneons:table":1,"minecraft:cracked_deepslate_bricks":2,"biomesoplenty:redwood_sapling":32,"sophisticatedbackpacks:copper_backpack":10,"minecraft:polished_blackstone":36,"minecraft:mutton":18,"minecraft:rail":150,"iceandfire:sea_serpent_fang":36,"minecraft:yellow_dye":1,"minecraft:torchflower":2,"minecraft:lily_pad":1,"iceandfire:armor_copper_metal_helmet":2,"farmersdelight:skillet":1,"minecraft:paper":14,"vanillaplustools:iron_hammer":3,"alexsmobs:banana_slug_slime_block":2,"minecraft:apple":78,"farmersdelight:cooking_pot":3,"alexsmobs:cockroach_wing_fragment":1,"minecraft:stone_pickaxe":1,"regions_unexplored:larch_sapling":1,"tombstone:bag_of_seeds":6,"alexscaves:polymer_plate":1,"iceandfire:copper_nugget":540,"minecraft:smooth_basalt":26,"minecraft:sweet_berries":19,"duneons:necromancerball":1,"biomesoplenty:spider_egg":1,"minecraft:leather_helmet":4,"duneons:netheturewall":16,"minecraft:slime_ball":70,"aether:golden_ring":1,"alexsmobs:rainbow_jelly":1,"minecraft:painting":20,"inventorypets:pet_illuminati":1,"regions_unexplored:magnolia_fence":1,"minecraft:baked_potato":37,"minecraft:red_nether_brick_slab":1,"minecraft:nether_brick_fence":2,"inventorypets:nugget_lapis":4,"minecraft:stone_brick_stairs":2,"biomesoplenty:jacaranda_chest_boat":1,"iceandfire:sea_serpent_scales_bronze":10,"alexscaves:magnetic_activator":1,"minecraft:smooth_stone":1,"minecraft:rose_bush":3,"minecraft:cobblestone_slab":24,"minecraft:azalea":3,"minecraft:iron_pickaxe":4,"alexsmobs:raccoon_tail":1,"regions_unexplored:redwood_log":2,"minecraft:tipped_arrow":1,"inventorypets:pet_pacman":1,"alexscaves:thornwood_boat":1,"iceandfire:armor_copper_metal_leggings":3,"minecraft:spruce_stairs":1,"alexscaves:nuclear_bomb":3,"iceandfire:rotten_egg":8,"iceandfire:crackled_gravel":3,"minecraft:diorite":2166,"duneons:swampgrass":66,"minecraft:rotten_flesh":595,"duneons:towerbricker":1,"duneons:golden_axe":1,"regions_unexplored:mauve_log":5,"create:asurine":25,"minecraft:obsidian":103,"duneons:darkoakwoodstronghold":2,"minecraft:cobblestone":13989,"minecraft:leather_chestplate":4,"minecraft:andesite":924,"minecraft:black_bed":1,"minecraft:potato":2263,"create:raw_zinc":13,"minecraft:dirt":2340,"minecraft:name_tag":8,"duneons:vangardbanner":1,"minecraft:bone":230,"minecraft:bow":14,"minecraft:wheat_seeds":963,"minecraft:birch_wood":1,"minecraft:mossy_stone_bricks":5,"minecraft:fletching_table":3,"biomesoplenty:magic_stairs":1,"minecraft:prismarine":179,"farmersdelight:basket":2,"iceandfire:copper_axe":1,"mca:needle_and_thread":1,"minecraft:melon":15,"minecraft:nether_brick_stairs":1,"duneons:stonebricksdirtstairs":1,"iceandfire:banner_pattern_hippogryph_head":1,"minecraft:grass_block":4,"minecraft:jungle_slab":1,"minecraft:mossy_cobblestone":19,"minecraft:sugar":1,"alexsmobs:rainbow_glass":1,"minecraft:light_blue_terracotta":1,"tombstone:familiar_stone":1,"iter_rpg:abyssquartz_shard":1,"duneons:scorchgrass":7,"minecraft:crossbow":2,"minecraft:bone_meal":6,"minecraft:golden_apple":6,"minecraft:emerald":42,"alexsmobs:banana_slug_slime":3,"minecraft:netherrack":360,"iceandfire:silver_nugget":64,"minecraft:oak_leaves":11,"minecraft:azure_bluet":26,"minecraft:ladder":13,"iceandfire:chain":3,"minecraft:pink_wool":1,"iceandfire:nest":4,"iceandfire:frozen_cobblestone":44,"minecraft:shield":1,"iceandfire:frozen_stone":66,"alexsmobs:shed_snake_skin":1,"minecraft:oak_trapdoor":6,"minecraft:moss_carpet":31,"tombstone:decorative_tombstone":1,"minecraft:blackstone":152,"alexscaves:pewen_boat":2,"duneons:tripleaxe":1,"duneons:pumpkinscarecrow":2,"minecraft:polished_blackstone_bricks":19,"duneons:sandprismarineslab":1,"create:zinc_ingot":10,"biomesoplenty:redwood_planks":2,"biomesoplenty:jacaranda_trapdoor":16,"minecraft:nether_bricks":158,"minecraft:skeleton_skull":6,"minecraft:basalt":3,"regions_unexplored:hanging_prismarite":2,"create:cut_asurine_wall":1,"minecraft:leather":21,"regions_unexplored:maple_button":1,"artifacts:onion_ring":2,"icarus:brown_mechanical_feathered_wings":1,"inventorypets:nugget_obsidian":5,"minecraft:chainmail_chestplate":1,"biomesoplenty:jacaranda_planks":143,"minecraft:yellow_bed":11,"minecraft:gunpowder":101,"create:copper_nugget":1,"regions_unexplored:tall_cobalt_earlight":2,"iceandfire:tide_green_chestplate":1,"duneons:granitedominobricks":1,"regions_unexplored:maple_door":2,"minecraft:iron_ingot":578,"minecraft:cooked_chicken":1,"artifacts:kitty_slippers":1,"duneons:fancyfence_corner":1,"iceandfire:crackled_cobblestone":14,"minecraft:sculk_catalyst":4,"duneons:keydiamond":3,"regions_unexplored:white_painted_planks":1,"minecraft:stone_brick_slab":23,"iceandfire:ash":1,"minecraft:quartz":92,"minecraft:dandelion":1,"minecraft:amethyst_shard":6,"minecraft:green_stained_glass":1,"artifacts:scarf_of_invisibility":1,"iceandfire:sea_serpent_scale_block_purple":1,"minecraft:cut_red_sandstone":1,"create:cut_deepslate_wall":1,"minecraft:pumpkin_seeds":17,"minecraft:sculk_sensor":13,"regions_unexplored:brimwood_wood":2,"duneons:chiseledfortresstilesnetherrack":4,"regions_unexplored:redwood_button":1,"regions_unexplored:small_oak_log":18,"regions_unexplored:dead_fence":1,"duneons:soggyswamobricks":6,"minecraft:iron_chestplate":1,"minecraft:chainmail_boots":1,"regions_unexplored:cobalt_earlight":2,"minecraft:brown_bed":2,"minecraft:golden_shovel":1,"minecraft:brewing_stand":3,"minecraft:golden_sword":1,"cataclysm:chorus_stem":2,"minecraft:amethyst_block":17,"duneons:coin":8,"regions_unexplored:blue_bioshroom_door":1,"biomesoplenty:large_rose_quartz_bud":4,"biomesoplenty:tall_lavender":2,"mca:blueprint":1,"regions_unexplored:pine_log":162,"minecraft:gold_nugget":1417,"minecraft:cobbled_deepslate":4702,"bosses_of_mass_destruction:soul_star":18,"create:yellow_valve_handle":1,"minecraft:spruce_planks":58,"minecraft:enchanted_golden_apple":1,"minecraft:melon_slice":173,"minecraft:coal_block":16,"minecraft:dark_oak_door":1,"minecraft:golden_helmet":3,"artifacts:universal_attractor":2,"minecraft:composter":1,"minecraft:green_bed":3,"duneons:stonetablemaping":6,"iceandfire:lightning_dragon_flesh":10,"minecraft:deepslate_tile_stairs":2,"minecraft:chiseled_nether_bricks":1,"minecraft:black_dye":6,"biomesoplenty:rose_quartz_chunk":18,"minecraft:tropical_fish":2,"create:scoria":97,"minecraft:iron_block":5,"alexscaves:remote_detonator":1,"duneons:boxfood":6,"alexsmobs:flying_fish":29,"minecraft:birch_log":53,"minecraft:magma_block":24,"duneons:giantgoldenchains":7,"minecraft:iron_door":1,"iceandfire:myrmex_desert_chestplate":1,"farmersdelight:safety_net":10,"duneons:snowcobblestone":3,"biomesoplenty:medium_rose_quartz_bud":1,"regions_unexplored:cobalt_roots":3,"iceandfire:tide_bronze_chestplate":1,"minecraft:chipped_anvil":1,"duneons:busherstone":1,"minecraft:glowstone_dust":74,"minecraft:pitcher_pod":3,"duneons:crimsonroots":1,"duneons:bigtombstone":1,"tombstone:scroll_of_feather_fall":1,"minecraft:ink_sac":12,"minecraft:dark_oak_log":434,"minecraft:trapped_chest":4,"minecraft:barrel":1,"minecraft:bundle":17,"cataclysm:lionfish":1,"regions_unexplored:willow_door":1,"minecraft:chainmail_helmet":1,"minecraft:bread":5,"minecraft:dark_oak_fence":43,"inventorypets:nugget_coal":2,"minecraft:coarse_dirt":2,"minecraft:crafting_table":4,"minecraft:nether_wart":23,"iceandfire:witherbone":3,"regions_unexplored:mycotoxic_daisy":1,"create:waxed_exposed_copper_shingle_stairs":2,"minecraft:orange_banner":1,"biomesoplenty:jacaranda_slab":1,"minecraft:cracked_stone_bricks":1,"minecraft:beef":30,"minecraft:chest":43,"iceandfire:dragonscales_electric":46,"minecraft:egg":353,"create:polished_cut_granite":1,"minecraft:oak_door":3,"minecraft:carrot":14,"minecraft:redstone":323,"minecraft:tnt":19,"inventorypets:nugget_ender":4,"regions_unexplored:redwood_stairs":1,"biomesoplenty:jacaranda_log":707,"aether:zanite_sword":1,"minecraft:beetroot_seeds":17,"iceandfire:dragonscales_silver":34,"duneons:desertvase":3,"minecraft:deepslate_bricks":5,"tombstone:essence_of_undeath":5,"minecraft:gold_ingot":130,"minecraft:glow_berries":47,"duneons:sandgranitebricksslab":1,"minecraft:white_wool":15,"minecraft:stripped_oak_log":8,"alexsmobs:tarantula_hawk_wing":1,"mca:family_tree":1,"duneons:sandbrick":3,"minecraft:filled_map":7,"minecraft:oak_log":782,"minecraft:ancient_debris":9,"minecraft:golden_boots":4,"icarus:lime_mechanical_leather_wings":1,"minecraft:white_banner":7,"aether:skyroot_planks":1,"tombstone:gift":1,"minecraft:stone_bricks":5,"minecraft:kelp":85,"icarus:pink_feathered_wings":1,"create:train_trapdoor":1,"minecraft:cobweb":62,"regions_unexplored:baobab_fence_gate":1,"duneons:mountaineeraxeiron":1,"regions_unexplored:cobalt_obsidian":1,"regions_unexplored:pine_trapdoor":1,"duneons:swampfern":1,"minecraft:glass_bottle":4,"minecraft:iron_sword":4,"regions_unexplored:silver_birch_sapling":2,"minecraft:dark_oak_slab":3,"minecraft:sculk":29,"born_in_chaos_v1:ethereal_spirit":1,"minecraft:torchflower_seeds":3,"minecraft:gravel":230,"minecraft:spruce_sapling":98,"minecraft:spruce_log":297,"iceandfire:dragonscales_copper":7,"biomesoplenty:flowering_oak_sapling":18,"minecraft:stone_axe":3,"minecraft:gray_wool":4,"simplyswords:gold_claymore":1,"minecraft:melon_seeds":32,"minecraft:stripped_dark_oak_log":2,"minecraft:ender_pearl":10,"minecraft:wheat":308,"biomesoplenty:burning_blossom":4,"minecraft:potion":4,"regions_unexplored:maple_planks":16,"tombstone:grave_key":8,"create:wooden_bracket":1,"minecraft:raw_copper":192,"minecraft:iron_leggings":3,"minecraft:sticky_piston":3,"minecraft:netherite_ingot":1,"minecraft:activator_rail":12,"biomesoplenty:fir_planks":1,"minecraft:redstone_torch":4,"minecraft:calcite":23,"sophisticatedbackpacks:advanced_deposit_upgrade":1,"farmersdelight:cabbage_seeds":17,"minecraft:furnace":4,"inventorypets:pet_pufferfish":1,"minecraft:stick":971,"farmersdelight:rotten_tomato":2,"minecraft:oak_fence":3,"minecraft:torch":415,"create:waxed_copper_shingles":1,"minecraft:porkchop":42,"alexscaves:radrock_stairs":1,"tombstone:grave_dust":100,"regions_unexplored:barley":3,"mutantmonsters:hulk_hammer":2,"minecraft:quartz_block":3,"duneons:bluebanner":2,"duneons:stackofbooks":2,"create:veridium":12,"artifacts:panic_necklace":4,"minecraft:cod":5,"duneons:cornbox":1,"iceandfire:dragonsteel_lightning_sword":1,"paraglider:spirit_orb":26,"minecraft:tuff":679,"minecraft:light_gray_dye":1,"artifacts:flame_pendant":1,"artifacts:pickaxe_heater":2,"minecraft:lapis_lazuli":763,"duneons:bricker":2,"minecraft:leather_boots":1,"minecraft:raw_gold":136,"minecraft:bell":1,"tombstone:scroll_of_reach":1,"minecraft:powered_rail":20,"duneons:sandstonebrickcracked":2,"minecraft:oak_planks":178,"inventorypets:pet_spider":1,"minecraft:poisonous_potato":10,"regions_unexplored:pine_planks":5,"minecraft:sand":183,"alexscaves:bone_nodule":2,"tombstone:scroll_of_mercy":1,"artifacts:plastic_drinking_hat":3,"regions_unexplored:hanging_earlight_fruit":4,"artifacts:golden_hook":1,"minecraft:diamond":119,"iceandfire:armor_electric_chestplate":1,"webdisplays:minepad":1,"iceandfire:dragon_ice":1,"minecraft:oak_sapling":317,"regions_unexplored:apple_oak_sapling":4,"minecraft:nether_star":1,"minecraft:end_stone_bricks":1,"minecraft:cocoa_beans":3,"minecraft:chicken":38,"minecraft:allium":13,"regions_unexplored:mycotoxic_grass":1,"artifacts:night_vision_goggles":1,"duneons:swamplog":3,"minecraft:chest_minecart":13,"regions_unexplored:cobalt_button":1,"minecraft:gold_block":11,"minecraft:iron_axe":1,"inventorypets:pet_cloud":1,"minecraft:candle":10,"minecraft:detector_rail":9,"minecraft:sugar_cane":636,"minecraft:dark_oak_sapling":80,"minecraft:raw_iron":672,"iceandfire:dragonbone":52,"minecraft:copper_ingot":63,"minecraft:red_stained_glass_pane":1,"minecraft:gray_dye":1,"minecraft:stone_button":1,"minecraft:dark_oak_planks":7,"iceandfire:sea_serpent_scales_purple":8,"minecraft:arrow":218,"iceandfire:cyclops_eye":1,"biomesoplenty:redwood_pressure_plate":3,"regions_unexplored:maple_sapling":64,"alexscaves:spelunkery_table":3,"create:cut_ochrum":1,"minecraft:saddle":2,"minecraft:wet_sponge":8,"minecraft:glow_ink_sac":15,"minecraft:salmon":9,"minecraft:birch_planks":2,"artifacts:anglers_hat":1,"alexsmobs:cachalot_whale_tooth":8,"duneons:wrapped_gift":2,"iceandfire:ectoplasm":2,"artifacts:cloud_in_a_bottle":1,"minecraft:cobblestone_stairs":24,"tombstone:decorative_grave_cross":4,"duneons:fortressnetherracktiles":1,"minecraft:acacia_sapling":3,"iceandfire:sea_serpent_scales_deepblue":22,"sophisticatedbackpacks:blasting_upgrade":1,"minecraft:book":59,"minecraft:oak_slab":33,"minecraft:chiseled_stone_bricks":1,"inventorypets:pet_house":1,"minecraft:raw_iron_block":4,"born_in_chaos_v1:dark_rod":1,"minecraft:white_bed":12,"minecraft:spider_eye":22,"alexsmobs:raw_catfish":4,"biomesoplenty:bramble":23,"minecraft:iron_helmet":1,"regions_unexplored:maple_log":207,"tombstone:magic_scroll":18,"duneons:cobwebdig":5,"minecraft:coal":890},"minecraft:dropped":{"aether:skyroot_planks":1,"minecraft:iron_sword":2,"minecraft:glow_ink_sac":13,"minecraft:glass_bottle":6,"minecraft:crafting_table":1,"biomesoplenty:redwood_fence":3,"minecraft:glow_berries":13,"duneons:sandbrick":1,"artifacts:universal_attractor":1,"inventorypets:pet_saddle":1,"minecraft:emerald":7,"minecraft:gold_block":2,"biomesoplenty:rose_quartz_block":2,"minecraft:dark_oak_fence":2,"biomesoplenty:redwood_log":4,"alexsmobs:flying_fish":26,"biomesoplenty:medium_rose_quartz_bud":1,"minecraft:gold_nugget":130,"regions_unexplored:maple_button":1,"minecraft:sand":92,"minecraft:stone_axe":2,"minecraft:ancient_debris":9,"minecraft:iron_nugget":15,"minecraft:cooked_chicken":5,"minecraft:cobbled_deepslate":2750,"minecraft:wheat":3,"minecraft:obsidian":3,"minecraft:rotten_flesh":266,"minecraft:oak_planks":40,"minecraft:birch_wood":1,"minecraft:glowstone_dust":22,"minecraft:golden_shovel":1,"duneons:snowcobblestone":3,"minecraft:azure_bluet":20,"alexscaves:cave_book":1,"minecraft:leather_boots":1,"iceandfire:crackled_cobblestone":12,"artifacts:panic_necklace":2,"minecraft:leather_leggings":1,"regions_unexplored:green_bioshroom_fence":1,"biomesoplenty:tall_lavender":1,"minecraft:green_stained_glass":1,"duneons:chiseledfortresstilesnetherrack":4,"duneons:crimsonroots":1,"minecraft:golden_boots":3,"minecraft:black_dye":6,"minecraft:wheat_seeds":86,"minecraft:book":2,"regions_unexplored:willow_door":1,"minecraft:golden_apple":3,"minecraft:coal_block":11,"minecraft:ink_sac":12,"minecraft:wooden_axe":1,"artifacts:plastic_drinking_hat":2,"biomesoplenty:jacaranda_trapdoor":11,"minecraft:white_banner":2,"minecraft:mud":1,"create:polished_cut_granite":1,"cataclysm:chorus_stem":1,"minecraft:trapped_chest":2,"minecraft:lily_pad":1,"create:raw_zinc":9,"minecraft:stone_brick_slab":22,"iceandfire:frozen_cobblestone":12,"regions_unexplored:magnolia_fence":1,"create:waxed_copper_shingles":1,"duneons:fortresstilesnetherrack_1":6,"minecraft:experience_bottle":8,"iceandfire:armor_copper_metal_helmet":2,"regions_unexplored:dead_fence":1,"alexsmobs:cockroach_wing_fragment":1,"minecraft:spruce_planks":8,"minecraft:bundle":11,"create:zinc_ingot":9,"minecraft:diamond_pickaxe":1,"artifacts:pickaxe_heater":1,"regions_unexplored:baobab_fence_gate":1,"minecraft:stone_bricks":5,"iceandfire:crackled_stone":18,"regions_unexplored:magnolia_sign":1,"minecraft:magma_block":4,"duneons:stonebricksdirtstairs":1,"create:cut_asurine_wall":1,"minecraft:nether_brick_stairs":1,"minecraft:oak_log":15,"regions_unexplored:larch_planks":3,"minecraft:leather":8,"minecraft:chest_minecart":7,"minecraft:raw_gold_block":1,"paraglider:spirit_orb":2,"regions_unexplored:cobalt_obsidian":1,"minecraft:cobblestone_stairs":57,"tombstone:bag_of_seeds":1,"minecraft:snowball":7,"regions_unexplored:blue_bioshroom_pressure_plate":4,"biomesoplenty:redwood_sapling":28,"regions_unexplored:maple_sapling":25,"iceandfire:frozen_stone":24,"iceandfire:silver_shovel":1,"minecraft:cooked_mutton":2,"duneons:netherbrickpillar":4,"sophisticatedbackpacks:blasting_upgrade":1,"regions_unexplored:mycotoxic_grass":1,"duneons:energybag":1,"minecraft:leather_chestplate":3,"duneons:granitepominobricksslab":1,"minecraft:beetroot_seeds":11,"iceandfire:armor_copper_metal_leggings":2,"regions_unexplored:maple_door":3,"minecraft:golden_axe":1,"minecraft:activator_rail":2,"minecraft:tropical_fish":2,"tombstone:grave_key":8,"minecraft:melon_slice":32,"duneons:swampgrass":65,"minecraft:polished_blackstone_brick_slab":2,"duneons:swampfern":1,"farmersdelight:rotten_tomato":2,"minecraft:kelp":8,"regions_unexplored:pine_log":25,"minecraft:sweet_berries":2,"regions_unexplored:pine_planks":7,"farmersdelight:cabbage_seeds":9,"minecraft:flint_and_steel":1,"minecraft:andesite":701,"minecraft:oak_sapling":23,"minecraft:light_blue_terracotta":1,"regions_unexplored:pine_trapdoor":1,"minecraft:cookie":4,"create:copper_nugget":1,"minecraft:cherry_hanging_sign":1,"minecraft:saddle":1,"minecraft:rail":79,"minecraft:leather_helmet":2,"regions_unexplored:maple_planks":9,"duneons:creeperwoodsmoss":1,"duneons:scorchgrass":4,"minecraft:dirt":816,"minecraft:melon":25,"mca:blueprint":1,"minecraft:yellow_dye":1,"regions_unexplored:purple_coneflower":2,"minecraft:jack_o_lantern":3,"minecraft:bone_meal":1,"duneons:fortressnetherracktiles":1,"minecraft:iron_pickaxe":4,"vanillaplustools:iron_hammer":1,"minecraft:gray_dye":1,"minecraft:bone":9,"minecraft:polished_blackstone_wall":1,"minecraft:detector_rail":8,"minecraft:birch_sapling":4,"create:asurine":12,"minecraft:red_stained_glass_pane":1,"minecraft:tipped_arrow":4,"create:scoria":97,"biomesoplenty:magic_stairs":1,"minecraft:ladder":3,"create:cut_deepslate_wall":1,"farmersdelight:rope":107,"minecraft:end_stone_bricks":1,"minecraft:egg":8,"farmersdelight:tomato_seeds":28,"minecraft:chiseled_nether_bricks":1,"minecraft:polished_blackstone":1,"minecraft:golden_horse_armor":1,"biomesoplenty:lavender":2,"minecraft:oak_fence":1,"minecraft:feather":2,"minecraft:cobblestone":2900,"alexsmobs:chorus_on_a_stick":1,"minecraft:granite":269,"alexscaves:radrock_stairs":1,"minecraft:coal":7,"regions_unexplored:small_oak_log":9,"minecraft:jungle_slab":1,"minecraft:warped_slab":1,"iceandfire:copper_nugget":99,"minecraft:rose_bush":3,"minecraft:lime_carpet":2,"minecraft:paper":9,"minecraft:string":9,"minecraft:spruce_sapling":4,"iceandfire:silver_nugget":7,"regions_unexplored:larch_log":1,"minecraft:stone_sword":1,"minecraft:cobblestone_wall":84,"minecraft:bowl":1,"minecraft:chicken":2,"iceandfire:dragon_bone_wall":1,"minecraft:stone_slab":2,"duneons:sandprismarineslab":1,"regions_unexplored:mauve_log":4,"regions_unexplored:blackstone_cluster":1,"minecraft:nether_bricks":112,"minecraft:pumpkin_seeds":13,"minecraft:cobblestone_slab":24,"minecraft:stone":8,"duneons:outpostblueplanksstairs":1,"minecraft:allium":13,"minecraft:spider_eye":6,"minecraft:light_gray_dye":1,"minecraft:red_sandstone_stairs":1,"farmersdelight:tomato":1,"create:cut_ochrum":1,"minecraft:baked_potato":83,"cataclysm:lionfish":1,"minecraft:red_nether_brick_slab":1,"biomesoplenty:rose_quartz_chunk":2,"alexsmobs:bison_fur":2,"minecraft:polished_blackstone_bricks":20,"minecraft:gravel":151,"biomesoplenty:large_rose_quartz_bud":4,"minecraft:blackstone":152,"create:waxed_exposed_copper_shingle_stairs":1,"minecraft:prismarine":124,"regions_unexplored:larch_sapling":1,"minecraft:carrot":5,"minecraft:chiseled_stone_bricks":1,"minecraft:gunpowder":6,"minecraft:melon_seeds":22,"minecraft:glowstone":5,"regions_unexplored:brimwood_wood":1,"minecraft:chest":1,"regions_unexplored:hanging_earlight_fruit":4,"aether:golden_ring":1,"minecraft:basalt":3,"minecraft:arrow":63,"minecraft:powered_rail":6,"minecraft:quartz":3,"minecraft:oak_leaves":58,"minecraft:netherrack":175,"minecraft:oak_slab":26,"minecraft:mossy_cobblestone":19,"create:waxed_copper_shingle_stairs":1,"minecraft:poisonous_potato":1,"regions_unexplored:silver_birch_sapling":2,"minecraft:dark_oak_pressure_plate":1,"duneons:netheturewall":8,"minecraft:copper_ingot":2,"minecraft:stick":186,"mca:book_romance":1,"minecraft:diorite":506,"minecraft:torch":55,"regions_unexplored:mycotoxic_daisy":1,"tombstone:grave_dust":4,"duneons:granitedominobricks":1,"minecraft:iron_leggings":1,"duneons:mountaineeraxeiron":1,"inventorypets:pet_illuminati":1,"minecraft:music_disc_cat":1,"minecraft:dandelion":1,"minecraft:smooth_basalt":26,"minecraft:redstone":60,"minecraft:raw_copper":24,"minecraft:tuff":562,"minecraft:raw_iron":62,"minecraft:cut_red_sandstone":1,"minecraft:filled_map":7,"minecraft:shield":1,"create:veridium":12,"aether:iron_gloves":1,"minecraft:mossy_stone_bricks":5,"minecraft:pink_wool":1,"minecraft:golden_sword":1,"minecraft:stone_pickaxe":7,"minecraft:calcite":6},"minecraft:broken":{"minecraft:wooden_shovel":3,"minecraft:iron_leggings":2,"minecraft:leather_helmet":1,"aether:iron_gloves":2,"iceandfire:armor_silver_metal_helmet":1,"minecraft:shield":8,"minecraft:iron_pickaxe":2,"minecraft:wooden_hoe":1,"minecraft:iron_shovel":1,"minecraft:leather_leggings":1,"minecraft:stone_pickaxe":4,"minecraft:stone_axe":6,"alexsmobs:flying_fish_boots":1,"minecraft:stone_shovel":5,"iceandfire:armor_copper_metal_helmet":1,"minecraft:diamond_chestplate":1,"duneons:full_plate_spooky_helmet":1,"minecraft:diamond_axe":1,"minecraft:chainmail_boots":1,"minecraft:chainmail_helmet":1,"minecraft:iron_axe":4,"minecraft:iron_helmet":2,"iceandfire:silver_axe":1,"minecraft:golden_helmet":2,"duneons:vangardhat_helmet":1,"duneons:tgaxe":1,"duneons:golden_axe":1,"minecraft:flint_and_steel":2,"minecraft:leather_chestplate":1},"minecraft:used":{"iceandfire:lectern":2,"minecraft:stone":65,"iceandfire:nest":3,"minecraft:snowball":1,"duneons:truthseeker":1976,"minecraft:azure_bluet":2,"duneons:sandbrick":2,"minecraft:lava_bucket":24,"iceandfire:crackled_gravel":3,"minecraft:quartz_block":3,"alexscaves:pewen_boat":2,"minecraft:dark_oak_slab":21,"biomesoplenty:jacaranda_sapling":94,"duneons:vangardhat_helmet":2,"minecraft:bow":83,"alexscaves:thornwood_boat":1,"minecraft:oak_sapling":163,"minecraft:cooked_cod":23,"iceandfire:frozen_cobblestone":5,"minecraft:leather_leggings":1,"simplyswords:iron_rapier":1,"minecraft:wooden_pickaxe":54,"biomesoplenty:hellbark_boat":1,"minecraft:glow_berries":32,"minecraft:golden_apple":6,"regions_unexplored:redwood_planks":2,"biomesoplenty:jacaranda_planks":1289,"regions_unexplored:pine_sapling":3,"duneons:bricker":2,"minecraft:diamond_sword":227,"minecraft:coal_block":2,"minecraft:smithing_table":3,"minecraft:polished_blackstone_brick_slab":2,"minecraft:enchanting_table":1,"iceandfire:silver_sword":116,"minecraft:cooked_salmon":9,"minecraft:torch":813,"minecraft:brewing_stand":5,"biomesoplenty:jacaranda_slab":7,"minecraft:chipped_anvil":1,"alexsmobs:cockroach_ootheca":2,"minecraft:barrel":1,"minecraft:diamond_chestplate":6,"duneons:darkoakwoodstronghold":3,"minecraft:trapped_chest":2,"minecraft:calcite":11,"minecraft:wheat_seeds":344,"alexsmobs:cooked_catfish":4,"minecraft:birch_planks":3,"minecraft:bundle":5,"minecraft:cauldron":3,"minecraft:deepslate_bricks":3,"minecraft:rail":1,"minecraft:sculk_shrieker":2,"minecraft:white_bed":8,"duneons:table":1,"regions_unexplored:apple_oak_sapling":4,"biomesoplenty:spider_egg":1,"minecraft:diamond_pickaxe":2623,"minecraft:diamond_shovel":735,"iceandfire:dragon_horn":9,"tombstone:magic_scroll":1,"minecraft:leather_helmet":1,"minecraft:spruce_sapling":73,"minecraft:potion":2,"minecraft:orange_banner":1,"vanillaplustools:iron_hammer":2654,"minecraft:cooked_porkchop":40,"alexscaves:nuclear_bomb":6,"minecraft:melon":30,"biomesoplenty:jacaranda_pressure_plate":1,"minecraft:obsidian":56,"duneons:golden_axe":130,"regions_unexplored:maple_sapling":10,"iceandfire:armor_silver_metal_leggings":2,"minecraft:raw_gold_block":1,"farmersdelight:safety_net":10,"duneons:enderarmor_chestplate":4,"minecraft:dark_oak_sapling":85,"minecraft:diamond_boots":6,"minecraft:torchflower":2,"minecraft:stone_pickaxe":874,"minecraft:oak_planks":1331,"duneons:stackofbooks":2,"minecraft:chainmail_helmet":1,"tombstone:decorative_grave_cross":3,"duneons:netheturewall":8,"minecraft:diamond_axe":1516,"minecraft:sugar_cane":92,"duneons:rapier":14,"minecraft:white_wool":6,"vanillaplustools:diamond_hammer":1328,"minecraft:mushroom_stew":2,"minecraft:crossbow":2,"minecraft:sticky_piston":2,"iceandfire:copper_shovel":58,"minecraft:bread":88,"tombstone:grave_key":99,"create:asurine":1,"iceandfire:dragon_skull_fire":2,"mca:cross_headstone":5,"minecraft:coarse_dirt":5,"minecraft:bone_meal":186,"duneons:tgaxe":115,"minecraft:flint_and_steel":171,"minecraft:redstone":1,"minecraft:stone_hoe":232,"minecraft:cooked_chicken":54,"regions_unexplored:maple_planks":34,"minecraft:dirt":1232,"tombstone:tablet_of_recall":2,"iceandfire:armor_silver_metal_helmet":2,"farmersdelight:rope":3,"minecraft:wooden_axe":96,"minecraft:oak_stairs":4,"regions_unexplored:purple_coneflower":2,"create:brown_toolbox":1,"duneons:pumpkinscarecrow":2,"farmersdelight:basket":2,"minecraft:cooked_beef":32,"minecraft:light_gray_bed":2,"minecraft:iron_leggings":3,"minecraft:beetroot_soup":1,"minecraft:cobblestone_stairs":185,"minecraft:baked_potato":779,"minecraft:green_bed":3,"simplyswords:iron_twinblade":4,"bosses_of_mass_destruction:soul_star":11,"minecraft:wooden_hoe":68,"minecraft:stone_slab":4,"minecraft:stone_axe":1221,"duneons:skeletonspear":25,"duneons:wrapped_gift":2,"alexsmobs:animal_dictionary":1,"regions_unexplored:maple_log":37,"minecraft:gray_wool":3,"minecraft:sculk_catalyst":1,"regions_unexplored:pine_planks":56,"minecraft:pillager_spawn_egg":11,"minecraft:nether_brick_fence":2,"minecraft:spruce_slab":9,"minecraft:polished_blackstone":34,"sophisticatedbackpacks:copper_backpack":1,"minecraft:ladder":10,"duneons:swamplog":5,"minecraft:chest":157,"duneons:fancyfence_corner":1,"minecraft:grass_block":1,"minecraft:birch_sapling":4,"minecraft:stone_brick_stairs":2,"duneons:stonetablemaping":6,"minecraft:sweet_berries":24,"mutantmonsters:hulk_hammer":33,"minecraft:furnace":19,"minecraft:egg":281,"minecraft:potato":864,"duneons:full_plate_spooky_helmet":4,"regions_unexplored:pine_trapdoor":2,"minecraft:diorite":869,"duneons:coins":1,"alexsmobs:flying_fish_boots":1,"duneons:naturalcandle":1,"biomesoplenty:flowering_oak_sapling":13,"minecraft:cookie":7,"iceandfire:armor_silver_metal_boots":2,"minecraft:sand":18,"duneons:tripleaxe":9,"minecraft:stone_button":1,"minecraft:lectern":1,"biomesoplenty:jacaranda_boat":1,"alexscaves:bone_nodule":1,"minecraft:dark_oak_fence":471,"minecraft:netherrack":40,"duneons:swampdirt":1,"minecraft:anvil":1,"duneons:goldcandle":4,"duneons:towerbricker":1,"duneons:corn":1,"alexsmobs:banana_slug_slime_block":1,"minecraft:iron_axe":1156,"iceandfire:copper_axe":278,"biomesoplenty:rose_quartz_block":2,"farmersdelight:cooking_pot":1,"tombstone:gift":10,"duneons:soggyswamobricks":6,"minecraft:cobbled_deepslate":1343,"minecraft:water_bucket":135,"minecraft:cracked_stone_bricks":1,"minecraft:oak_slab":15,"minecraft:crafting_table":48,"minecraft:dark_oak_fence_gate":2,"minecraft:oak_log":152,"iceandfire:dragonbone_sword_fire":65,"tombstone:tablet_of_assistance":7,"minecraft:iron_pickaxe":2054,"iceandfire:crackled_cobblestone":2,"minecraft:cobblestone":2045,"iceandfire:dragonsteel_lightning_sword":142,"minecraft:candle":7,"tombstone:scroll_of_unstable_intangibility":2,"duneons:bluebanner":1,"minecraft:iron_shovel":279,"regions_unexplored:maple_door":4,"minecraft:diamond_hoe":7,"minecraft:shield":626,"minecraft:white_terracotta":3,"minecraft:iron_sword":246,"create:waxed_exposed_copper_shingle_stairs":1,"minecraft:sculk_sensor":6,"minecraft:nether_bricks":46,"iceandfire:frozen_stone":3,"minecraft:tuff":105,"minecraft:milk_bucket":4,"create:train_trapdoor":1,"minecraft:iron_helmet":3,"minecraft:magma_block":17,"iceandfire:tide_red_leggings":2,"duneons:cornbox":1,"minecraft:dark_oak_stairs":21,"biomesoplenty:lavender":2,"alexscaves:cave_book":4,"minecraft:sponge":8,"minecraft:black_bed":1,"iceandfire:silver_axe":280,"minecraft:shears":45,"minecraft:cobbled_deepslate_stairs":2,"duneons:beehive_chestplate":4,"minecraft:redstone_torch":5,"minecraft:melon_slice":65,"regions_unexplored:brimwood_wood":1,"minecraft:string":3,"minecraft:gravel":62,"minecraft:golden_helmet":1,"regions_unexplored:larch_door":3,"minecraft:torchflower_seeds":4,"minecraft:chainmail_boots":1,"minecraft:grindstone":1,"cataclysm:chorus_stem":1,"minecraft:andesite":94,"minecraft:chest_minecart":2,"minecraft:cobweb":4,"minecraft:oak_fence":2,"duneons:metalcubechain":1,"simplyswords:iron_claymore":637,"regions_unexplored:redwood_button":1,"biomesoplenty:redwood_planks":4,"minecraft:stone_shovel":873,"minecraft:spruce_planks":838,"biomesoplenty:redwood_pressure_plate":5,"minecraft:sculk":12,"minecraft:wooden_shovel":239,"minecraft:oak_door":5,"duneons:busherstone":1,"tombstone:scroll_of_aquatic_life":1,"minecraft:cobblestone_wall":24,"minecraft:granite":428,"biomesoplenty:redwood_log":3,"minecraft:dark_oak_planks":15,"minecraft:bookshelf":28,"duneons:beehive_helmet":5,"duneons:sandgranitebricksslab":1,"alexscaves:spelunkery_table":2,"regions_unexplored:larch_planks":6,"iceandfire:armor_copper_metal_helmet":4,"minecraft:brown_bed":1,"farmersdelight:fried_egg":9,"minecraft:cooked_mutton":15,"biomesoplenty:jacaranda_door":3,"minecraft:glass_bottle":1,"biomesoplenty:redwood_sapling":4,"minecraft:cobblestone_slab":127,"farmersdelight:onion":7,"minecraft:painting":21,"minecraft:dark_oak_door":4,"tombstone:bag_of_seeds":7,"biomesoplenty:jacaranda_trapdoor":133,"minecraft:apple":55,"duneons:woodbacketwater":2,"iceandfire:graveyard_soil":5,"duneons:full_plate_spooky_chestplate":2,"minecraft:bucket":160,"minecraft:yellow_bed":10,"iceandfire:silver_shovel":453,"minecraft:smooth_stone":1},"minecraft:crafted":{"minecraft:obsidian":1,"biomesoplenty:rose_quartz_block":4,"minecraft:diamond_shovel":2,"sophisticatedbackpacks:copper_backpack":4,"alexsmobs:cooked_catfish":4,"regions_unexplored:pine_wood":3,"minecraft:raw_gold_block":1,"minecraft:smithing_table":2,"minecraft:painting":1,"minecraft:lectern":1,"minecraft:wooden_hoe":1,"regions_unexplored:maple_button":1,"minecraft:stone_slab":6,"minecraft:iron_pickaxe":13,"iceandfire:silver_sword":1,"minecraft:iron_nugget":207,"iceandfire:dragonbone_sword_fire":1,"regions_unexplored:cypress_planks":12,"iceandfire:dragon_flute":1,"duneons:goldcandle":10,"iceandfire:armor_copper_metal_helmet":3,"iceandfire:chain_sticky":2,"regions_unexplored:mauve_planks":4,"minecraft:stone_pickaxe":11,"iceandfire:chain":1,"iceandfire:dragonbone_sword":1,"biomesoplenty:jacaranda_boat":1,"minecraft:enchanting_table":1,"biomesoplenty:redwood_planks":304,"regions_unexplored:pine_trapdoor":2,"sophisticatedbackpacks:gold_backpack":11,"regions_unexplored:pine_planks":456,"minecraft:iron_shovel":2,"inventorypets:pet_anvil":1,"tombstone:bone_needle":1,"minecraft:grindstone":1,"minecraft:cobblestone_slab":150,"minecraft:cooked_chicken":76,"regions_unexplored:larch_planks":32,"minecraft:stone":74,"iceandfire:armor_copper_metal_boots":1,"duneons:netherbrickpillar":4,"farmersdelight:safety_net":25,"create:copper_nugget":9,"minecraft:bow":5,"regions_unexplored:larch_door":3,"minecraft:chest":115,"minecraft:copper_block":14,"biomesoplenty:jacaranda_planks":1900,"minecraft:cauldron":2,"biomesoplenty:jacaranda_slab":6,"minecraft:stick":440,"minecraft:iron_ingot":705,"vanillaplustools:diamond_hammer":1,"minecraft:dark_oak_fence_gate":2,"minecraft:oak_door":3,"mca:blueprint":1,"minecraft:furnace":15,"minecraft:raw_copper_block":1,"iceandfire:copper_shovel":1,"minecraft:flint_and_steel":4,"minecraft:cobblestone_wall":108,"inventorypets:pet_illuminati":1,"biomesoplenty:redwood_pressure_plate":32,"iceandfire:silver_ingot":15,"minecraft:iron_sword":2,"minecraft:cooked_salmon":9,"minecraft:anvil":1,"minecraft:torch":627,"iceandfire:sea_serpent_scales_purple":9,"minecraft:smooth_stone":6,"regions_unexplored:maple_planks":196,"iceandfire:silver_shovel":1,"farmersdelight:rope":8,"minecraft:bookshelf":36,"minecraft:cooked_mutton":18,"minecraft:quartz_block":22,"minecraft:glass":70,"iceandfire:copper_axe":1,"vanillaplustools:iron_hammer":1,"minecraft:melon_seeds":85,"biomesoplenty:jacaranda_trapdoor":128,"iceandfire:silver_axe":1,"minecraft:glass_bottle":15,"minecraft:wooden_shovel":6,"minecraft:emerald":13,"minecraft:cooked_porkchop":42,"minecraft:diamond_axe":1,"minecraft:copper_ingot":77,"mca:cross_headstone":5,"farmersdelight:wheat_dough":36,"minecraft:light_gray_bed":2,"minecraft:iron_block":113,"minecraft:gold_ingot":287,"minecraft:light_gray_dye":2,"iceandfire:dragon_horn":1,"minecraft:stone_shovel":7,"iceandfire:dragon_bone_wall":1,"iceandfire:armor_copper_metal_leggings":2,"minecraft:bone_meal":166,"minecraft:dark_oak_fence":513,"minecraft:spruce_slab":30,"biomesoplenty:jacaranda_door":3,"minecraft:cobbled_deepslate_stairs":4,"minecraft:dark_oak_planks":1232,"minecraft:coal_block":11,"mca:engagement_ring":1,"minecraft:glowstone":5,"minecraft:golden_apple":4,"minecraft:oak_stairs":16,"minecraft:wooden_axe":3,"minecraft:white_bed":1,"minecraft:oak_planks":1717,"iceandfire:lectern":2,"minecraft:cobblestone_stairs":220,"minecraft:dark_oak_door":3,"minecraft:iron_boots":1,"tombstone:grave_key":3,"regions_unexplored:maple_door":6,"biomesoplenty:jacaranda_pressure_plate":1,"minecraft:stone_hoe":2,"minecraft:oak_slab":48,"minecraft:crafting_table":47,"minecraft:spruce_planks":840,"minecraft:wooden_pickaxe":3,"minecraft:baked_potato":1017,"minecraft:gold_block":2,"minecraft:birch_planks":4,"minecraft:brewing_stand":2,"farmersdelight:fried_egg":9,"minecraft:dark_oak_slab":90,"minecraft:iron_chestplate":1,"minecraft:book":11,"minecraft:charcoal":125,"minecraft:diamond_pickaxe":12,"minecraft:shield":10,"minecraft:redstone_torch":1,"minecraft:sponge":8,"minecraft:shears":2,"minecraft:raw_iron":108,"minecraft:redstone":2,"minecraft:iron_axe":5,"regions_unexplored:pine_slab":6,"inventorypets:nugget_emerald":81,"alexsmobs:flying_fish_boots":1,"sophisticatedbackpacks:iron_backpack":10,"minecraft:cooked_beef":23,"minecraft:cooked_cod":23,"minecraft:diamond_sword":1,"minecraft:dark_oak_stairs":24,"minecraft:bowl":4,"minecraft:bucket":3,"minecraft:stone_axe":8,"minecraft:bread":49,"minecraft:air":0,"minecraft:blue_dye":1,"regions_unexplored:redwood_planks":8,"iceandfire:bestiary":1,"minecraft:raw_gold":81,"minecraft:acacia_planks":72,"mca:wedding_ring":4,"create:zinc_ingot":1,"minecraft:lapis_lazuli":1},"minecraft:custom":{"minecraft:interact_with_crafting_table":402,"minecraft:damage_blocked_by_shield":31050,"minecraft:play_time":4627628,"minecraft:deaths":282,"minecraft:jump":47090,"minecraft:interact_with_cartography_table":4,"tombstone:sneak_grave":1,"tombstone:undead_killed":750,"minecraft:interact_with_smoker":13,"minecraft:horse_one_cm":47228,"minecraft:interact_with_anvil":16,"tombstone:raider_killed":67,"minecraft:time_since_rest":34776,"minecraft:swim_one_cm":1459839,"minecraft:open_chest":3989,"minecraft:damage_resisted":83,"minecraft:talked_to_villager":58,"minecraft:interact_with_brewingstand":6,"minecraft:interact_with_beacon":3,"tombstone:villager_killed":1,"minecraft:fill_cauldron":4,"minecraft:damage_dealt_resisted":2669,"minecraft:raid_win":1,"minecraft:boat_one_cm":27675,"minecraft:damage_taken":155724,"minecraft:aviate_one_cm":3213426,"minecraft:open_barrel":198,"minecraft:bell_ring":4,"minecraft:eat_cake_slice":2,"minecraft:leave_game":47,"minecraft:time_since_death":35062,"minecraft:interact_with_furnace":595,"minecraft:traded_with_villager":26,"minecraft:sleep_in_bed":47,"minecraft:damage_dealt":248122,"minecraft:use_cauldron":1,"minecraft:interact_with_smithing_table":13,"minecraft:damage_dealt_absorbed":958,"minecraft:sneak_time":125240,"minecraft:interact_with_blast_furnace":3,"minecraft:total_world_time":4627628,"minecraft:interact_with_stonecutter":1,"minecraft:fly_one_cm":13987994,"minecraft:fall_one_cm":1522213,"minecraft:animals_bred":48,"minecraft:sprint_one_cm":9715199,"minecraft:drop":1223,"minecraft:walk_on_water_one_cm":929673,"minecraft:interact_with_loom":17,"minecraft:crouch_one_cm":271415,"minecraft:mob_kills":1382,"minecraft:climb_one_cm":43679,"minecraft:walk_one_cm":11459417,"tombstone:consume_soul":1,"minecraft:walk_under_water_one_cm":1505204,"minecraft:raid_trigger":2,"minecraft:interact_with_grindstone":4,"minecraft:damage_absorbed":492,"minecraft:trigger_trapped_chest":16}},"DataVersion":3465}