{"stats":{"minecraft:killed_by":{"minecraft:iron_golem":1,"minecraft:spider":1,"minecraft:zombie":1},"minecraft:picked_up":{"minecraft:wheat_seeds":2},"minecraft:dropped":{"minecraft:wheat_seeds":2},"minecraft:custom":{"minecraft:time_since_rest":4637,"minecraft:open_chest":1,"minecraft:sprint_one_cm":15612,"minecraft:play_time":7512,"minecraft:deaths":3,"minecraft:damage_taken":841,"minecraft:walk_one_cm":13687,"minecraft:sneak_time":31,"minecraft:walk_under_water_one_cm":1149,"minecraft:drop":2,"minecraft:jump":92,"minecraft:damage_dealt":166,"minecraft:leave_game":2,"minecraft:walk_on_water_one_cm":504,"minecraft:time_since_death":4068,"minecraft:total_world_time":7512,"minecraft:swim_one_cm":2314,"minecraft:fall_one_cm":2167,"minecraft:fly_one_cm":109456},"minecraft:used":{"minecraft:potato":3},"minecraft:mined":{"minecraft:grass":18,"minecraft:tall_grass":1}},"DataVersion":3465}