{"stats":{"minecraft:killed_by":{"minecraft:zombie":1,"minecraft:player":1,"iceandfire:gorgon":1},"minecraft:killed":{"duneons:llama":1,"born_in_chaos_v1:zombie_lumberjack":3,"born_in_chaos_v1:skeleton_demoman":2,"iceandfire:gorgon":1,"alexscaves:underzealot":21,"alexsmobs:straddler":3,"alexsmobs:centipede_head":1,"duneons:wildfire":1,"minecraft:pillager":56,"minecraft:zombie":164,"alexsmobs:cachalot_whale":1,"iceandfire:sea_serpent":2,"alexscaves:corrodent":3,"mca:female_zombie_villager":4,"minecraft:evoker":4,"alexscaves:vesper":6,"minecraft:vindicator":26,"born_in_chaos_v1:firelight":2,"iceandfire:siren":5,"duneons:squallgolem":7,"duneons:frozenzombie":6,"minecraft:husk":6,"iceandfire:cyclops":1,"minecraft:ravager":1,"born_in_chaos_v1:bloody_gadfly":1,"iceandfire:ghost":5,"minecraft:zombified_piglin":11,"minecraft:witch":6,"minecraft:spider":43,"minecraft:bee":3,"minecraft:silverfish":1,"minecraft:piglin_brute":2,"minecraft:piglin":1,"born_in_chaos_v1:bonescaller":2,"alexsmobs:grizzly_bear":1,"iter_rpg:spiderling":2,"alexsmobs:crimson_mosquito":3,"minecraft:sheep":15,"born_in_chaos_v1:zombie_fisherman":1,"minecraft:ghast":1,"born_in_chaos_v1:siamese_skeletonsleft":3,"minecraft:vex":8,"minecraft:slime":48,"born_in_chaos_v1:zombie_bruiser":2,"minecraft:drowned":11,"born_in_chaos_v1:corpse_fish":1,"duneons:blazespawner":1,"born_in_chaos_v1:baby_skeleton":6,"born_in_chaos_v1:swarmer":2,"minecraft:hoglin":4,"minecraft:squid":2,"born_in_chaos_v1:decaying_zombie":4,"mythicmounts:netherbat":2,"legendary_monsters:spiky_bug":2,"minecraft:wither_skeleton":22,"born_in_chaos_v1:decaying_zombie_not_despawn":2,"minecraft:cave_spider":2,"born_in_chaos_v1:restless_spirit":11,"born_in_chaos_v1:door_knight_not_despawn":1,"mythicmounts:dragon":3,"alexsmobs:enderiophage":3,"alexsmobs:murmur":1,"born_in_chaos_v1:siamese_skeletonsright":3,"minecraft:skeleton":96,"minecraft:chicken":2,"born_in_chaos_v1:skeleton_thrasher":2,"minecraft:magma_cube":1,"born_in_chaos_v1:corpse_fly":18,"minecraft:glow_squid":2,"born_in_chaos_v1:door_knight":4,"minecraft:cow":34,"alexsmobs:seagull":1,"luminousworld:treant":2,"alexsmobs:underminer":1,"born_in_chaos_v1:barrel_zombie":1,"alexsmobs:guster":1,"born_in_chaos_v1:decrepit_skeleton":13,"born_in_chaos_v1:dark_vortex":3,"minecraft:enderman":7,"duneons:enchanted_zombie":1,"born_in_chaos_v1:scarlet_persecutor":4,"duneons:redstonegolem":1,"artifacts:mimic":22,"minecraft:pig":16,"minecraft:creeper":51,"duneons:mountaineer":22,"born_in_chaos_v1:dread_hound":5,"minecraft:stray":6,"iceandfire:stone_statue":1,"minecraft:blaze":7,"duneons:windcaller":1,"alexsmobs:dropbear":1,"born_in_chaos_v1:maggot":48,"minecraft:phantom":56,"iceandfire:fire_dragon":1,"alexsmobs:bison":9,"born_in_chaos_v1:siamese_skeletons":2,"born_in_chaos_v1:fallen_chaos_knight":2,"iceandfire:troll":2,"minecraft:bat":1,"duneons:wickedwraith":1,"duneons:tempestgolemsleep":1,"born_in_chaos_v1:phantom_creeper_copy":4,"born_in_chaos_v1:nightmare_stalker":4,"alexsmobs:crow":1},"minecraft:mined":{"minecraft:white_bed":2,"regions_unexplored:brimsprout":1,"minecraft:granite":5,"alexscaves:coprolith":3,"minecraft:spawner":9,"regions_unexplored:birch_branch":1,"minecraft:fire":303,"minecraft:cobbled_deepslate":6,"minecraft:deepslate_lapis_ore":11,"biomesoplenty:webbing":1,"minecraft:orange_bed":2,"minecraft:kelp_plant":1,"cfm:pink_sofa":2,"minecraft:powder_snow":7,"minecraft:torch":37,"minecraft:sugar_cane":12,"minecraft:cherry_slab":30,"minecraft:chain":3,"duneons:highblockhallsdoor":1,"regions_unexplored:flowering_lily_pad":1,"minecraft:grass":154,"minecraft:deepslate":440,"duneons:scorchgrass":1,"minecraft:mossy_cobblestone":3,"duneons:kelpstonebircks":8,"farmersdelight:wild_carrots":2,"minecraft:cherry_sapling":45,"regions_unexplored:dusktrap":1,"duneons:creeperbanner":1,"duneons:highlandtallgrass":3,"regions_unexplored:maple_leaves":2,"farmersdelight:wild_onions":2,"minecraft:packed_mud":1,"duneons:lobby_plantssmall":1,"minecraft:andesite":9,"biomesoplenty:flesh":6,"minecraft:vine":1,"minecraft:rail":2,"minecraft:cherry_fence_gate":6,"regions_unexplored:day_lily":1,"minecraft:bone_block":1,"duneons:andesitebreked":9,"minecraft:potted_allium":1,"regions_unexplored:orange_coneflower":2,"minecraft:oak_slab":58,"minecraft:polished_blackstone_brick_wall":1,"minecraft:dandelion":5,"regions_unexplored:salmon_poppy_bush":2,"minecraft:campfire":1,"minecraft:tall_grass":41,"minecraft:copper_ore":3,"create:magenta_seat":9,"minecraft:deepslate_gold_ore":5,"minecraft:diorite":27,"duneons:stonehorse":1,"biomesoplenty:redwood_slab":7,"minecraft:gravel":541,"minecraft:cobweb":3,"minecraft:stone_bricks":2,"minecraft:chipped_anvil":1,"minecraft:fern":4,"regions_unexplored:golden_larch_leaves":4,"duneons:darkstonebricks":1,"minecraft:white_concrete":140,"regions_unexplored:purple_coneflower":7,"regions_unexplored:mossy_stone":2,"create:asurine":2,"duneons:telescope":3,"duneons:glowmelonroot":1,"minecraft:deepslate_redstone_ore":4,"minecraft:polished_blackstone_wall":1,"duneons:loot_biggreen":1,"duneons:outposttent":1,"alexsmobs:capsid":1,"minecraft:oak_planks":205,"minecraft:wall_torch":34,"minecraft:powered_rail":1,"minecraft:tnt":4,"biomesoplenty:fir_log":24,"minecraft:oak_log":392,"minecraft:beetroots":30,"regions_unexplored:peat_dirt":9,"minecraft:dirt":39,"minecraft:quartz_stairs":4,"minecraft:glow_lichen":1,"create:ochrum":2,"duneons:highlandgrass":1,"create:polished_cut_deepslate_slab":1,"minecraft:hay_block":64,"duneons:basalticblackstone":1,"iter_rpg:small_vase":1,"minecraft:gold_block":3,"minecraft:potted_cherry_sapling":1,"minecraft:bookshelf":7,"minecraft:deepslate_iron_ore":9,"minecraft:stripped_oak_log":1,"inventorypets:cloud_block":12,"create:cut_deepslate_brick_slab":1,"duneons:doubleplanthighlandfern":1,"biomesoplenty:huge_clover_petal":4,"duneons:dirtbricker":3,"duneons:fortresstiles":2,"minecraft:bee_nest":1,"duneons:endermanstatue":1,"minecraft:cherry_leaves":1,"regions_unexplored:mycotoxic_mushrooms":2,"duneons:teapot":2,"minecraft:mossy_stone_bricks":1,"create:andesite_encased_shaft":2,"biomesoplenty:redwood_wood":8,"duneons:luxurybanner":1,"create:andesite_casing":1,"minecraft:cherry_log":325,"minecraft:red_sand":1,"biomesoplenty:bramble":18,"minecraft:stone_brick_wall":3,"duneons:bluebanner":8,"duneons:villager_statuesmooth":1,"minecraft:oxeye_daisy":1,"duneons:latticestonedirt":3,"minecraft:tall_seagrass":4,"duneons:grandpiano":2,"biomesoplenty:lavender":1,"minecraft:moss_carpet":1,"minecraft:oak_stairs":1,"minecraft:quartz_slab":4,"minecraft:iron_block":2,"minecraft:blast_furnace":1,"regions_unexplored:peat_grass_block":1,"create:scoria":7,"minecraft:polished_diorite_slab":1,"regions_unexplored:cobalt_roots":3,"minecraft:glass":2,"minecraft:potted_oak_sapling":1,"minecraft:cherry_fence":117,"minecraft:wheat":23,"duneons:broom":1,"duneons:creeperwoodstallgrass":7,"create:hand_crank":9,"duneons:crimsonroots":1,"biomesoplenty:watergrass":9,"duneons:spideregg":1,"minecraft:nether_bricks":1,"minecraft:allium":2,"regions_unexplored:poppy_bush":6,"minecraft:moss_block":7,"bosses_of_mass_destruction:void_blossom":5,"duneons:stackofbooks":2,"minecraft:snow":1,"regions_unexplored:larch_leaves":4,"minecraft:potatoes":1,"biomesoplenty:high_grass":7,"iceandfire:frost_lily":2,"luminousworld:groundpebbles_2":1,"regions_unexplored:bladed_grass":2,"biomesoplenty:redwood_planks":65,"minecraft:cherry_planks":11,"duneons:developerstatue":1,"create:creative_motor":22,"biomesoplenty:high_grass_plant":8,"duneons:bookshelfdun":2,"duneons:highlandfern":1,"create:crushing_wheel":1,"alexscaves:guanostone":1,"create:deepslate_zinc_ore":8,"regions_unexplored:maple_planks":1,"regions_unexplored:maple_log":187,"minecraft:sculk_vein":9,"minecraft:cherry_trapdoor":13,"minecraft:grass_block":651,"biomesoplenty:bramble_leaves":1,"minecraft:smooth_stone":2,"minecraft:iron_ore":8,"regions_unexplored:silver_birch_leaves":1,"minecraft:azure_bluet":1,"duneons:deathcoraldirt":5,"alexscaves:underweed":1,"duneons:cubebanner":1,"minecraft:blackstone":2,"minecraft:clay":18,"iceandfire:dragon_ice_spikes":7,"minecraft:calcite":1,"minecraft:poppy":12,"minecraft:cobblestone":309,"minecraft:grindstone":1,"minecraft:birch_log":161,"farmersdelight:cutting_board":1,"duneons:apple":1,"minecraft:cherry_door":2,"biomesoplenty:clover":5,"minecraft:sand":191,"minecraft:netherrack":45,"minecraft:oak_leaves":14,"luminousworld:groundpebbles_1":1,"alexscaves:spelunkery_table":1,"duneons:magmacubelantern":1,"minecraft:tuff":24,"farmersdelight:onions":4,"minecraft:deepslate_diamond_ore":40,"duneons:kelpstonebirckscarved":8,"minecraft:sandstone":17,"minecraft:rooted_dirt":2,"minecraft:large_fern":1,"minecraft:spore_blossom":1,"create:scorchia":2,"biomesoplenty:redwood_stairs":26,"minecraft:bell":1,"duneons:melondirt":1,"minecraft:lantern":7,"regions_unexplored:medium_grass":31,"minecraft:stone":75,"biomesoplenty:spider_egg":1,"minecraft:cherry_stairs":25,"minecraft:crafting_table":4,"minecraft:blackstone_slab":153,"minecraft:sculk_sensor":1,"biomesoplenty:sprout":10,"minecraft:sculk":47,"duneons:floorboards":1,"minecraft:cactus":4,"minecraft:sweet_berry_bush":2,"minecraft:gray_carpet":1,"minecraft:polished_andesite":2},"minecraft:picked_up":{"minecraft:suspicious_stew":1,"artifacts:bunny_hoppers":6,"minecraft:lead":5,"regions_unexplored:silt_dirt":3,"minecraft:enchanted_book":7,"duneons:snowgreenoutpostbricks":1,"duneons:oakwoodbrew":1,"sophisticatedbackpacks:magnet_upgrade":1,"minecraft:polished_blackstone_brick_stairs":2,"minecraft:string":40,"minecraft:cherry_boat":1,"iter_rpg:vile_tissue":2,"alexsmobs:hemolymph_blaster":3,"regions_unexplored:larch_log":2,"duneons:iceoakwoodfence":1,"biomesoplenty:redwood_wood":8,"born_in_chaos_v1:shattered_skull":1,"create:andesite_casing":1,"minecraft:golden_axe":1,"duneons:cubebanner":1,"duneons:greenoutpostbricks":1,"regions_unexplored:raw_redstone_block":12,"duneons:piglin_armor_1_boots":2,"minecraft:orange_bed":2,"farmersdelight:melon_popsicle":1,"farmersdelight:onion":15,"create:ochrum":2,"duneons:soul_scythe":2,"minecraft:blaze_rod":1,"minecraft:snowball":25,"biomesoplenty:lavender":1,"minecraft:feather":8,"minecraft:cooked_beef":96,"farmersdelight:rice":12,"duneons:bluekinghat_leggings":3,"biomesoplenty:fir_sapling":2,"alexsmobs:bison_fur":14,"minecraft:flint":2,"minecraft:cherry_fence":131,"minecraft:lantern":11,"artifacts:shock_pendant":2,"alexscaves:guano":4,"alexscaves:porous_coprolith":2,"iceandfire:dragon_skull_fire":1,"create:polished_cut_deepslate_slab":3,"minecraft:iron_hoe":1,"minecraft:polished_andesite":92,"minecraft:deepslate":67,"alexscaves:hood_of_darkness":1,"minecraft:granite":199,"iceandfire:troll_leather_forest":1,"create:polished_cut_crimsite_wall":1,"iceandfire:raw_silver":2,"minecraft:crimson_roots":1,"sophisticatedbackpacks:gold_backpack":2,"minecraft:clay_ball":49,"born_in_chaos_v1:seedof_chaos":3,"duneons:gildedglory_chestplate":1,"duneons:shield_johan":1,"biomesoplenty:jacaranda_sapling":1,"regions_unexplored:poppy_bush":2,"create:scorchia":1,"minecraft:iron_shovel":1,"minecraft:polished_blackstone_wall":2,"regions_unexplored:flowering_lily_pad":1,"minecraft:poppy":8,"minecraft:cherry_button":1,"minecraft:birch_sapling":13,"minecraft:stone":40,"alexscaves:guanostone":289,"sophisticatedbackpacks:backpack":11,"born_in_chaos_v1:pieceofdarkmetal":12,"iceandfire:armor_blue_boots":1,"iceandfire:dragon_skull_ice":1,"regions_unexplored:purple_coneflower":33,"minecraft:diamond_chestplate":1,"mca:wooden_slanted_headstone":1,"minecraft:hay_block":73,"alexscaves:block_of_uranium":1,"minecraft:polished_blackstone":3,"sophisticatedbackpacks:copper_backpack":2,"artifacts:pocket_piston":1,"minecraft:totem_of_undying":2,"minecraft:mutton":23,"minecraft:rail":29,"minecraft:bone_block":47,"duneons:magmacubelantern":1,"duneons:corn":10,"iceandfire:sea_serpent_fang":8,"born_in_chaos_v1:monster_flesh":5,"minecraft:yellow_dye":1,"minecraft:blackstone_slab":194,"minecraft:packed_mud":3,"iceandfire:armor_bronze_leggings":2,"minecraft:lily_pad":1,"create:cut_deepslate_brick_slab":176,"minecraft:apple":45,"duneons:crumsoncoresword":1,"regions_unexplored:larch_sapling":1,"tombstone:bag_of_seeds":5,"artifacts:steadfast_spikes":1,"alexscaves:coprolith":77,"minecraft:smooth_basalt":11,"minecraft:sweet_berries":5,"alexsmobs:endolocator":1,"minecraft:red_wool":4,"duneons:necromancerball":3,"create:small_diorite_brick_stairs":1,"minecraft:crying_obsidian":33,"justhammers:diamond_hammer":3,"biomesoplenty:redwood_stairs":26,"minecraft:coal_ore":4,"minecraft:slime_ball":27,"minecraft:painting":13,"minecraft:polished_blackstone_brick_wall":1,"minecraft:baked_potato":349,"duneons:miniredstonegolem":1,"minecraft:nether_brick_fence":4,"duneons:villager_statuesmooth":1,"vanillaplustools:diamond_shovel":1,"webdisplays:craftcomp_stonekey":1,"alexsmobs:dropbear_claw":2,"biomesoplenty:redwood_slab":8,"minecraft:red_sand":10,"minecraft:smooth_stone":2,"iceandfire:frost_lily":2,"inventorypets:pet_enchanting_table":1,"iter_rpg:demonbone_fragments":1,"minecraft:deepslate_iron_ore":1,"minecraft:tipped_arrow":4,"duneons:magicwand":3,"iceandfire:rotten_egg":13,"minecraft:diorite":74,"duneons:frostwalker_helmet":2,"create:large_cogwheel":2,"alexscaves:corrodent_teeth":7,"minecraft:rotten_flesh":236,"duneons:golden_axe":3,"alexsmobs:capsid":10,"minecraft:obsidian":72,"minecraft:cobblestone":2140,"duneons:grandpiano":2,"minecraft:cherry_planks":13,"minecraft:andesite":285,"minecraft:golden_leggings":1,"minecraft:potato":5,"create:raw_zinc":36,"duneons:purplevangardpotion":1,"minecraft:dirt":264,"iceandfire:dragonscales_bronze":34,"duneons:wagonblock":2,"minecraft:bone":171,"minecraft:bow":10,"minecraft:wheat_seeds":102,"farmersdelight:sweet_berry_cookie":3,"minecraft:grindstone":1,"minecraft:fletching_table":1,"regions_unexplored:orange_coneflower":8,"duneons:red_stone_golem_skull":1,"duneons:telescope":3,"regions_unexplored:mycotoxic_mushrooms":6,"justhammers:iron_hammer":1,"iter_rpg:stone_geode":1,"minecraft:grass_block":408,"minecraft:diamond_block":67,"minecraft:mossy_cobblestone":13,"duneons:whip_gear":1,"iter_rpg:abyssquartz_shard":4,"minecraft:bone_meal":3,"minecraft:crossbow":5,"duneons:rapier":1,"minecraft:golden_apple":3,"minecraft:emerald":34,"minecraft:netherrack":6331,"minecraft:azure_bluet":1,"minecraft:ladder":1,"minecraft:brown_mushroom":7,"duneons:kelpstonebircks":1,"minecraft:stone_brick_wall":3,"iceandfire:frozen_cobblestone":4,"minecraft:chain":6,"duneons:ghost_cloak":1,"minecraft:brick":1,"iceandfire:frozen_stone":6,"alexsmobs:shed_snake_skin":3,"minecraft:moss_carpet":5,"artifacts:fire_gauntlet":1,"minecraft:blackstone":1687,"alexsmobs:elastic_tendon":2,"inventorypets:pet_lead":1,"minecraft:cherry_stairs":25,"iceandfire:troll_tusk":2,"create:hand_crank":8,"create:magenta_seat":9,"duneons:burningpotion":2,"biomesoplenty:redwood_planks":66,"simplyswords:iron_scythe":2,"alexscaves:dark_tatters":31,"minecraft:pumpkin_pie":14,"minecraft:nether_bricks":193,"artifacts:cross_necklace":1,"alexsmobs:ghostly_pickaxe":1,"iceandfire:troll_weapon_trunk":1,"duneons:bluekinghat_chestplate":7,"regions_unexplored:peat_dirt":10,"born_in_chaos_v1:corpse_maggot":27,"minecraft:leather":49,"artifacts:onion_ring":1,"minecraft:chainmail_chestplate":1,"duneons:burned_fence_gate":1,"minecraft:gunpowder":50,"regions_unexplored:salmon_poppy_bush":1,"minecraft:cooked_mutton":6,"minecraft:gray_carpet":1,"iter_rpg:potsherd":2,"minecraft:iron_ingot":57,"minecraft:cooked_chicken":2,"iceandfire:fire_dragon_flesh":11,"duneons:keydiamond":2,"artifacts:obsidian_skull":1,"minecraft:stone_brick_slab":1,"minecraft:quartz":316,"minecraft:dandelion":4,"artifacts:scarf_of_invisibility":2,"duneons:bluekinghat_helmet":6,"duneons:teapot":2,"webdisplays:laserpointer":8,"minecraft:chainmail_leggings":1,"regions_unexplored:silver_birch_log":1,"minecraft:cherry_sapling":287,"minecraft:chainmail_boots":1,"minecraft:flower_pot":3,"minecraft:prismarine_shard":3,"minecraft:oak_stairs":1,"duneons:broom":1,"minecraft:golden_sword":3,"farmersdelight:cutting_board":1,"minecraft:amethyst_block":11,"duneons:enderhammer":2,"minecraft:cooked_salmon":10,"alexscaves:pure_darkness":12,"mca:blueprint":1,"minecraft:beetroot":30,"minecraft:gold_nugget":141,"minecraft:cobbled_deepslate":4872,"bosses_of_mass_destruction:soul_star":30,"minecraft:coal_block":18,"minecraft:melon_slice":5,"mca:wedding_ring":1,"minecraft:golden_helmet":1,"inventorypets:pet_sun":1,"born_in_chaos_v1:pileof_dark_metal":1,"minecraft:cherry_log":328,"duneons:luxurybanner":1,"artifacts:lucky_scarf":1,"inventorypets:pet_christmas_tree":1,"create:scoria":36,"biomesoplenty:redwood_fence":3,"duneons:lobby_plantssmall":1,"minecraft:iron_block":2,"minecraft:blue_dye":1,"luminousworld:far_lands":2,"duneons:goldmace":1,"duneons:creeperbanner":1,"alexsmobs:flying_fish":2,"minecraft:birch_log":162,"duneons:crystalblue":6,"minecraft:magma_block":26,"duneons:piglin_armor_1_helmet":2,"biomesoplenty:fir_log":12,"newshieldvariants:iron_shield":1,"duneons:outposttent":1,"minecraft:cherry_door":2,"regions_unexplored:cobalt_roots":5,"minecraft:chipped_anvil":1,"create:shaft":2,"minecraft:moss_block":6,"duneons:souihealer":1,"bosses_of_mass_destruction:crystal_fruit":1,"iceandfire:shiny_scales":9,"minecraft:ink_sac":3,"minecraft:dark_oak_log":1,"minecraft:bundle":5,"artifacts:crystal_heart":1,"minecraft:bread":25,"iceandfire:gorgon_head":1,"minecraft:cherry_slab":45,"luminousworld:groundpebbles_1":2,"minecraft:coarse_dirt":7,"minecraft:crafting_table":4,"iceandfire:witherbone":8,"regions_unexplored:silt_coarse_dirt":7,"minecraft:cracked_stone_bricks":3,"iter_rpg:coin":2,"minecraft:beef":85,"minecraft:quartz_stairs":5,"minecraft:chest":1,"duneons:bookshelfdun":1,"minecraft:egg":556,"minecraft:sandstone":75,"minecraft:glow_item_frame":3,"icarus:blue_mechanical_leather_wings":1,"duneons:draogn_robe_chestplate":1,"bosses_of_mass_destruction:void_thorn":3,"minecraft:carrot":3,"minecraft:redstone":142,"minecraft:prismarine_crystals":6,"minecraft:tnt":4,"minecraft:beetroot_seeds":102,"tombstone:essence_of_undeath":1,"minecraft:gold_ingot":30,"minecraft:white_wool":11,"minecraft:stripped_oak_log":1,"inventorypets:cloud_block":11,"simplyswords:iron_katana":1,"minecraft:red_mushroom":2,"minecraft:oak_log":402,"minecraft:ancient_debris":13,"duneons:dirtbricker":2,"icarus:lime_mechanical_leather_wings":1,"duneons:basalticblackstone":1,"minecraft:stone_bricks":16,"minecraft:kelp":19,"tombstone:tablet_of_guard":1,"duneons:tempestknifeblue":1,"duneons:mountaineeraxeiron":3,"minecraft:iron_sword":2,"regions_unexplored:silver_birch_sapling":2,"iceandfire:dragonsteel_fire_sword":3,"born_in_chaos_v1:ethereal_spirit":11,"duneons:andesitebreked":7,"regions_unexplored:oak_shrub":1,"minecraft:gravel":528,"create:creative_motor":18,"duneons:spideregg":1,"minecraft:gray_wool":5,"alexscaves:cave_map":2,"minecraft:melon_seeds":9,"minecraft:ender_pearl":6,"minecraft:wheat":40,"duneons:netheritetrapdoor":1,"minecraft:potion":1,"regions_unexplored:maple_planks":2,"duneons:highblockhallsdoor":1,"mutantmonsters:mutant_skeleton_skull":1,"minecraft:raw_copper":75,"duneons:piglin_armor_1_chestplate":3,"artifacts:aqua_dashers":1,"minecraft:calcite":25,"duneons:bowspooky_1gearpulling":1,"minecraft:stick":525,"minecraft:deepslate_brick_wall":1,"minecraft:oak_fence":1,"born_in_chaos_v1:phantom_powder":3,"minecraft:torch":214,"minecraft:porkchop":52,"minecraft:dried_kelp":8,"tombstone:grave_dust":64,"born_in_chaos_v1:nightmare_claw":2,"duneons:endermanstatue":2,"iceandfire:troll_weapon_column_forest":1,"regions_unexplored:argillite":54,"alexsmobs:squid_grapple":1,"farmersdelight:fried_egg":15,"minecraft:cactus":10,"duneons:bluebanner":11,"duneons:stackofbooks":2,"create:veridium":5,"duneons:developerstatue":1,"minecraft:magma_cream":1,"paraglider:spirit_orb":41,"minecraft:tuff":448,"duneons:melondirt":2,"minecraft:lapis_lazuli":231,"justhammers:diamond_destructor_hammer":2,"born_in_chaos_v1:monster_skin":5,"minecraft:leather_boots":3,"minecraft:deepslate_brick_slab":1,"minecraft:raw_gold":15,"minecraft:bell":1,"duneons:claymoreblade":1,"minecraft:powered_rail":5,"minecraft:oak_planks":123,"minecraft:ghast_tear":1,"iter_rpg:seashell":2,"minecraft:cooked_porkchop":22,"artifacts:rooted_boots":2,"minecraft:polished_blackstone_slab":2,"cfm:pink_sofa":2,"minecraft:sand":530,"iceandfire:dragonbone_sword_lightning":1,"minecraft:clay":36,"minecraft:diamond":447,"webdisplays:minepad":3,"iceandfire:dragonbone_sword_fire":1,"alexsmobs:transmutation_table":1,"minecraft:white_concrete":559,"minecraft:oak_sapling":73,"minecraft:chicken":4,"minecraft:allium":8,"regions_unexplored:mycotoxic_grass":3,"artifacts:night_vision_goggles":3,"minecraft:chest_minecart":2,"biomesoplenty:flesh":3,"duneons:fortresstiles":1,"minecraft:gold_block":24,"minecraft:iron_axe":1,"legendary_monsters:ancient_spike":1,"minecraft:quartz_slab":5,"inventorypets:pet_cloud":16,"minecraft:detector_rail":14,"minecraft:light_gray_wool":5,"tombstone:tablet_of_assistance":4,"minecraft:sugar_cane":35,"minecraft:phantom_membrane":26,"minecraft:cherry_trapdoor":14,"minecraft:raw_iron":119,"iceandfire:dragonbone":27,"regions_unexplored:silver_birch_leaf_pile":19,"minecraft:copper_ingot":2,"minecraft:bowl":4,"artifacts:vampiric_glove":2,"alexsmobs:crocodile_scute":1,"minecraft:cherry_fence_gate":6,"regions_unexplored:maple_sapling":26,"iceandfire:cyclops_eye":1,"minecraft:arrow":127,"icarus:light_gray_mechanical_leather_wings":1,"icarus:black_mechanical_feathered_wings":1,"alexscaves:spelunkery_table":1,"minecraft:saddle":3,"alexscaves:vesper_wing":2,"born_in_chaos_v1:trident_hayfork":1,"bosses_of_mass_destruction:ancient_anima":6,"born_in_chaos_v1:fused_bone":4,"duneons:stonehorse":1,"minecraft:air":0,"artifacts:digging_claws":1,"minecraft:glow_ink_sac":6,"minecraft:salmon":4,"artifacts:cloud_in_a_bottle":1,"tombstone:voodoo_poppet":1,"alexscaves:cloak_of_darkness":1,"artifacts:whoopee_cushion":2,"iceandfire:sea_serpent_scales_deepblue":7,"minecraft:book":22,"minecraft:oak_slab":84,"minecraft:dripstone_block":4,"born_in_chaos_v1:dark_rod":2,"minecraft:white_bed":1,"minecraft:mossy_stone_brick_slab":2,"minecraft:spider_eye":14,"duneons:darkkatana":1,"biomesoplenty:bramble":18,"duneons:featherblue":2,"minecraft:iron_helmet":2,"regions_unexplored:maple_log":192,"tombstone:magic_scroll":8,"minecraft:black_wool":1,"minecraft:coal":30},"minecraft:dropped":{"biomesoplenty:fir_log":2,"minecraft:iron_sword":2,"duneons:miniredstonegolem":1,"minecraft:porkchop":3,"minecraft:lapis_lazuli":36,"minecraft:glow_ink_sac":3,"minecraft:diamond":78,"minecraft:crafting_table":1,"minecraft:cooked_porkchop":20,"artifacts:cloud_in_a_bottle":1,"tombstone:tablet_of_assistance":4,"icarus:blue_mechanical_leather_wings":1,"minecraft:cracked_stone_bricks":1,"born_in_chaos_v1:nightmare_claw":1,"minecraft:red_mushroom":2,"minecraft:emerald":21,"duneons:piglin_armor_1_helmet":1,"create:scorchia":1,"minecraft:gold_nugget":9,"minecraft:sand":288,"minecraft:white_wool":1,"minecraft:diamond_block":3,"minecraft:iron_nugget":9,"minecraft:cobbled_deepslate":3432,"alexscaves:cave_tablet":3,"minecraft:wheat":25,"iceandfire:sea_serpent_scales_deepblue":3,"minecraft:obsidian":53,"tombstone:gift":1,"minecraft:rotten_flesh":187,"minecraft:oak_planks":16,"regions_unexplored:oak_shrub":1,"bosses_of_mass_destruction:soul_star":4,"duneons:whip_gear":1,"minecraft:leather_boots":2,"duneons:tempestknifeblue":1,"iceandfire:armor_bronze_leggings":3,"minecraft:wheat_seeds":66,"minecraft:dripstone_block":4,"duneons:purplevangardpotion":1,"minecraft:prismarine_crystals":4,"minecraft:golden_apple":2,"minecraft:coal_block":2,"alexsmobs:squid_grapple":1,"minecraft:lava_bucket":8,"artifacts:lucky_scarf":1,"duneons:bluekinghat_helmet":6,"minecraft:cooked_salmon":10,"minecraft:cherry_planks":2,"minecraft:potion":1,"regions_unexplored:silver_birch_leaf_pile":1,"iceandfire:dragonsteel_fire_sword":3,"minecraft:chainmail_leggings":1,"create:raw_zinc":28,"iter_rpg:potsherd":2,"minecraft:stone_brick_slab":1,"duneons:goldmace":1,"minecraft:soul_soil":1,"duneons:souihealer":1,"bosses_of_mass_destruction:void_thorn":1,"minecraft:clay_ball":8,"sophisticatedbackpacks:backpack":13,"bosses_of_mass_destruction:ancient_anima":5,"newshieldvariants:iron_shield":1,"minecraft:bundle":3,"create:hand_crank":1,"minecraft:stone_bricks":14,"minecraft:sandstone":1,"sophisticatedbackpacks:copper_backpack":2,"minecraft:bow":7,"alexsmobs:transmutation_table":1,"minecraft:magma_block":26,"minecraft:moss_block":6,"minecraft:oak_log":12,"duneons:wonderfulwheat":1,"minecraft:nether_star":1,"legendary_monsters:ancient_spike":1,"minecraft:leather":15,"minecraft:chest_minecart":2,"minecraft:red_wool":4,"duneons:bow_spooky_1_gear":1,"artifacts:vampiric_glove":2,"biomesoplenty:fir_sapling":2,"paraglider:spirit_orb":14,"artifacts:night_vision_goggles":2,"tombstone:bag_of_seeds":4,"minecraft:dark_oak_log":1,"born_in_chaos_v1:monster_skin":5,"duneons:rapier":2,"minecraft:snowball":9,"farmersdelight:onion":3,"alexscaves:cave_map":1,"minecraft:gold_ingot":16,"regions_unexplored:maple_sapling":16,"minecraft:cooked_mutton":2,"regions_unexplored:mycotoxic_grass":3,"create:creative_motor":1,"minecraft:beetroot_seeds":39,"biomesoplenty:flesh":1,"artifacts:scarf_of_invisibility":1,"minecraft:bread":1,"webdisplays:minepad":2,"minecraft:golden_helmet":1,"minecraft:cherry_log":1,"minecraft:amethyst_block":11,"alexscaves:coprolith":72,"create:polished_cut_crimsite_wall":1,"minecraft:white_concrete":60,"born_in_chaos_v1:fused_bone":4,"biomesoplenty:redwood_stairs":3,"artifacts:crystal_heart":1,"duneons:featherblue":2,"iceandfire:dragonbone":8,"minecraft:kelp":19,"minecraft:sweet_berries":3,"duneons:basalticblackstone":1,"inventorypets:pet_blaze":1,"icarus:light_gray_mechanical_leather_wings":1,"duneons:magicwand":1,"minecraft:totem_of_undying":1,"minecraft:flint_and_steel":1,"farmersdelight:fried_egg":117,"minecraft:andesite":173,"artifacts:pocket_piston":1,"minecraft:oak_sapling":2,"duneons:crystalblue":6,"alexscaves:pure_darkness":8,"minecraft:brick":1,"minecraft:clay":22,"webdisplays:laserpointer":6,"minecraft:cooked_beef":6,"duneons:necromancerball":1,"born_in_chaos_v1:fried_maggot":1,"artifacts:shock_pendant":1,"minecraft:crossbow":5,"farmersdelight:milk_bottle":1,"duneons:burned_fence_gate":1,"minecraft:saddle":3,"alexscaves:cloak_of_darkness":1,"minecraft:rail":26,"regions_unexplored:maple_planks":3,"sophisticatedbackpacks:gold_backpack":3,"born_in_chaos_v1:monster_flesh":4,"minecraft:dirt":100,"minecraft:packed_mud":2,"duneons:burningpotion":1,"mca:blueprint":2,"minecraft:yellow_dye":1,"regions_unexplored:purple_coneflower":8,"duneons:kelpstonebircks":1,"minecraft:cherry_button":1,"minecraft:bone_meal":3,"minecraft:bone_block":1,"minecraft:phantom_membrane":16,"duneons:golden_axe":3,"minecraft:iron_pickaxe":1,"create:cut_deepslate_brick_slab":96,"inventorypets:pet_cloud":16,"minecraft:bone":17,"alexscaves:hood_of_darkness":1,"minecraft:detector_rail":14,"minecraft:golden_chestplate":1,"alexsmobs:hemolymph_blaster":2,"minecraft:birch_sapling":3,"minecraft:deepslate_brick_slab":1,"duneons:fortresstiles":1,"duneons:netheritetrapdoor":1,"duneons:bluekinghat_chestplate":6,"minecraft:tipped_arrow":4,"create:scoria":29,"minecraft:ladder":1,"minecraft:white_dye":4,"minecraft:ghast_tear":1,"minecraft:cherry_fence":16,"minecraft:egg":3,"luminousworld:beastiary":1,"minecraft:enchanted_book":4,"minecraft:iron_ingot":3,"minecraft:polished_blackstone":3,"minecraft:deepslate_brick_wall":1,"biomesoplenty:lavender":1,"duneons:soul_scythe":2,"minecraft:oak_fence":1,"minecraft:feather":6,"minecraft:cobblestone":1036,"artifacts:whoopee_cushion":1,"minecraft:apple":19,"iceandfire:armor_blue_boots":1,"minecraft:granite":188,"duneons:piglin_armor_1_boots":1,"regions_unexplored:argillite":54,"minecraft:coal":18,"minecraft:polished_andesite":26,"duneons:bluekinghat_leggings":2,"regions_unexplored:silt_coarse_dirt":3,"minecraft:dried_kelp":16,"minecraft:string":4,"alexscaves:porous_coprolith":2,"minecraft:paper":32,"artifacts:bunny_hoppers":4,"minecraft:moss_carpet":4,"regions_unexplored:larch_log":2,"duneons:red_stone_golem_skull":1,"iceandfire:troll_weapon_trunk":1,"minecraft:deepslate":66,"minecraft:bowl":7,"minecraft:chicken":2,"duneons:oakwoodbrew":2,"minecraft:nether_bricks":166,"minecraft:hay_block":11,"sophisticatedbackpacks:magnet_upgrade":1,"inventorypets:nugget_lapis":7,"artifacts:onion_ring":1,"minecraft:spider_eye":11,"iceandfire:sea_serpent_fang":8,"vanillaplustools:diamond_shovel":1,"artifacts:fire_gauntlet":1,"minecraft:brown_mushroom":4,"minecraft:baked_potato":416,"iceandfire:fire_dragon_flesh":1,"minecraft:lantern":3,"minecraft:flint":5,"alexsmobs:enderiophage_rocket":1,"minecraft:cherry_trapdoor":2,"minecraft:crimson_roots":1,"minecraft:cooked_cod":2,"create:large_cogwheel":1,"minecraft:gravel":104,"alexsmobs:capsid":9,"regions_unexplored:raw_redstone_block":6,"minecraft:blackstone":1354,"duneons:corn":14,"webdisplays:screen":1,"born_in_chaos_v1:ethereal_spirit":11,"minecraft:cherry_sapling":3,"regions_unexplored:larch_sapling":1,"minecraft:chainmail_chestplate":1,"iter_rpg:abyssquartz_shard":4,"regions_unexplored:peat_dirt":10,"minecraft:gunpowder":9,"minecraft:melon_seeds":9,"born_in_chaos_v1:corpse_maggot":19,"minecraft:chainmail_boots":1,"minecraft:chest":1,"minecraft:blackstone_slab":1,"minecraft:arrow":66,"minecraft:quartz":71,"minecraft:netherrack":5926,"born_in_chaos_v1:dark_rod":2,"justhammers:diamond_hammer":2,"minecraft:oak_slab":37,"minecraft:deepslate_iron_ore":1,"minecraft:mossy_cobblestone":7,"duneons:piglin_armor_1_chestplate":1,"minecraft:copper_ingot":2,"webdisplays:craftcomp_stonekey":2,"minecraft:grass_block":8,"minecraft:stick":105,"minecraft:blue_dye":2,"minecraft:diorite":37,"minecraft:torch":84,"tombstone:grave_dust":45,"duneons:mountaineeraxeiron":2,"minecraft:iron_axe":1,"inventorypets:pet_illuminati":5,"alexscaves:guanostone":289,"artifacts:rooted_boots":2,"iceandfire:dragonscales_bronze":3,"minecraft:redstone":71,"minecraft:dandelion":2,"minecraft:smooth_basalt":11,"create:shaft":1,"minecraft:coarse_dirt":2,"minecraft:blaze_rod":1,"minecraft:tuff":374,"minecraft:raw_iron":13,"minecraft:iron_hoe":2,"minecraft:filled_map":2,"simplyswords:iron_scythe":1,"create:veridium":5,"iceandfire:rotten_egg":5,"artifacts:steadfast_spikes":1,"minecraft:quartz_stairs":1,"minecraft:golden_sword":2,"justhammers:diamond_destructor_hammer":2,"duneons:endermanstatue":1,"minecraft:calcite":25},"minecraft:custom":{"minecraft:interact_with_crafting_table":92,"minecraft:damage_blocked_by_shield":2798,"minecraft:play_time":3674713,"minecraft:deaths":19,"minecraft:jump":25925,"minecraft:interact_with_cartography_table":1,"tombstone:undead_killed":439,"minecraft:interact_with_smoker":1,"minecraft:horse_one_cm":380292,"minecraft:interact_with_anvil":11,"tombstone:raider_killed":149,"minecraft:tune_noteblock":27,"minecraft:time_since_rest":391693,"minecraft:swim_one_cm":164369,"minecraft:open_chest":1986,"minecraft:damage_resisted":2147483647,"minecraft:talked_to_villager":9,"minecraft:interact_with_brewingstand":1,"tombstone:steal_effect":2,"minecraft:interact_with_beacon":2,"minecraft:interact_with_campfire":8,"minecraft:damage_dealt_resisted":2463,"minecraft:raid_win":1,"minecraft:boat_one_cm":43516,"minecraft:damage_taken":2147483647,"minecraft:aviate_one_cm":4766937,"minecraft:open_barrel":169,"minecraft:bell_ring":8,"minecraft:leave_game":104,"minecraft:time_since_death":809062,"minecraft:enchant_item":15,"minecraft:interact_with_furnace":140,"minecraft:sleep_in_bed":11,"minecraft:damage_dealt":230510,"minecraft:interact_with_smithing_table":1,"minecraft:damage_dealt_absorbed":520,"minecraft:sneak_time":98228,"minecraft:interact_with_blast_furnace":22,"minecraft:total_world_time":3674713,"minecraft:interact_with_stonecutter":12,"minecraft:fly_one_cm":17875110,"minecraft:fall_one_cm":1109369,"minecraft:animals_bred":9,"minecraft:sprint_one_cm":8109737,"minecraft:drop":1187,"minecraft:walk_on_water_one_cm":228875,"minecraft:interact_with_loom":11,"minecraft:player_kills":1,"minecraft:crouch_one_cm":306864,"minecraft:mob_kills":1080,"minecraft:climb_one_cm":79903,"minecraft:walk_one_cm":7264342,"minecraft:walk_under_water_one_cm":330827,"minecraft:pot_flower":8,"minecraft:interact_with_grindstone":3,"minecraft:damage_absorbed":430,"minecraft:trigger_trapped_chest":8},"minecraft:used":{"minecraft:poppy":3,"iceandfire:dragon_skull_ice":1,"minecraft:stone":24,"minecraft:quartz_stairs":4,"minecraft:rotten_flesh":1,"regions_unexplored:silver_birch_sapling":2,"minecraft:azure_bluet":1,"duneons:spideregg":1,"minecraft:polished_blackstone_slab":2,"minecraft:lava_bucket":1,"biomesoplenty:jacaranda_sapling":1,"duneons:bookshelfdun":1,"minecraft:bow":27,"create:shaft":1,"minecraft:oak_sapling":41,"minecraft:cooked_cod":18,"duneons:endermanstatue":1,"biomesoplenty:flesh":2,"minecraft:cow_spawn_egg":12,"create:cut_deepslate_brick_slab":65,"minecraft:blackstone":15,"tombstone:tablet_of_guard":1,"minecraft:golden_apple":13,"regions_unexplored:raw_redstone_block":6,"duneons:strengthenironpickaxe":267,"minecraft:birch_slab":4,"born_in_chaos_v1:monster_flesh":1,"duneons:cubebanner":1,"newshieldvariants:iron_shield":114,"regions_unexplored:mycotoxic_mushrooms":6,"duneons:creeperbanner":1,"minecraft:enchanting_table":1,"born_in_chaos_v1:ethereal_spirit":16,"minecraft:polished_blackstone_wall":14,"minecraft:cooked_salmon":23,"minecraft:torch":152,"iceandfire:frost_lily":2,"minecraft:golden_shovel":34,"alexsmobs:capsid":1,"duneons:crumsoncoresword":130,"duneons:luxurybanner":1,"minecraft:chipped_anvil":1,"duneons:bluekinghat_chestplate":2,"minecraft:iron_block":3,"biomesoplenty:redwood_wood":2,"minecraft:cherry_slab":117,"alexsmobs:ghostly_pickaxe":6,"create:creative_motor":21,"duneons:piglin_armor_1_helmet":1,"duneons:frostwalker_helmet":1,"biomesoplenty:blood_bucket":8,"minecraft:cherry_log":138,"webdisplays:linker":4,"minecraft:wheat_seeds":25,"minecraft:birch_planks":35,"minecraft:cherry_planks":14,"minecraft:glow_ink_sac":4,"minecraft:leather_boots":1,"minecraft:rail":3,"minecraft:white_bed":1,"alexsmobs:flying_fish":1,"alexscaves:hood_of_darkness":1,"minecraft:suspicious_stew":1,"minecraft:spruce_pressure_plate":1,"tombstone:magic_scroll":1,"duneons:magicwand":3,"minecraft:potion":3,"minecraft:porkchop":4,"minecraft:cooked_porkchop":31,"biomesoplenty:redwood_stairs":183,"duneons:featherblue":1,"biomesoplenty:fir_log":9,"minecraft:dandelion":2,"minecraft:cherry_sapling":148,"minecraft:moss_carpet":1,"minecraft:red_sand":10,"create:magenta_seat":10,"minecraft:decorated_pot":2,"duneons:vila_spear":56,"duneons:piglin_armor_1_boots":1,"alexscaves:block_of_uranium":1,"blue_skies:bluebright_chest":1,"minecraft:obsidian":1,"duneons:wagonblock":2,"vanillaplustools:iron_shovel":214,"minecraft:lantern":42,"regions_unexplored:salmon_poppy_bush":1,"minecraft:polished_blackstone_brick_wall":23,"regions_unexplored:maple_sapling":10,"create:scoria":7,"duneons:halberd":684,"minecraft:golden_sword":13,"minecraft:oak_planks":1197,"minecraft:sandstone":25,"duneons:stackofbooks":2,"luminousworld:groundpebbles_1":2,"duneons:stonehorse":1,"duneons:rapier":97,"duneons:developerstatue":1,"minecraft:white_wool":2,"minecraft:golden_hoe":3,"justhammers:diamond_destructor_hammer":424,"minecraft:bread":184,"create:andesite_casing":1,"minecraft:deepslate":1,"regions_unexplored:cobalt_roots":5,"iceandfire:dragon_skull_fire":1,"minecraft:chain":6,"minecraft:coarse_dirt":5,"minecraft:bone_meal":267,"create:large_cogwheel":1,"minecraft:flint_and_steel":85,"duneons:greenslightlayer_1_helmet":1,"regions_unexplored:silt_grass_block":25,"minecraft:cooked_chicken":3,"regions_unexplored:maple_planks":1,"minecraft:dirt":121,"duneons:teapot":2,"minecraft:golden_chestplate":1,"create:black_seat":1,"minecraft:oak_stairs":1,"regions_unexplored:purple_coneflower":21,"minecraft:iron_boots":1,"minecraft:cooked_beef":141,"duneons:highblockhallsdoor":1,"minecraft:baked_potato":117,"minecraft:birch_boat":1,"minecraft:brown_mushroom":1,"regions_unexplored:orange_coneflower":8,"alexscaves:cloak_of_darkness":2,"bosses_of_mass_destruction:soul_star":26,"duneons:piglin_armor_1_chestplate":4,"farmersdelight:smoked_ham":4,"minecraft:flower_pot":8,"minecraft:black_wool":1,"minecraft:cherry_door":3,"minecraft:chicken":1,"duneons:broom":1,"regions_unexplored:silt_coarse_dirt":4,"minecraft:pumpkin_pie":21,"minecraft:gray_wool":2,"webdisplays:screen":42,"minecraft:nether_brick_fence":4,"bosses_of_mass_destruction:crystal_fruit":1,"minecraft:polished_blackstone":14,"minecraft:ladder":9,"minecraft:chest":23,"duneons:melondirt":2,"minecraft:grass_block":494,"minecraft:birch_sapling":10,"farmersdelight:melon_popsicle":1,"minecraft:cherry_button":1,"regions_unexplored:silver_birch_leaf_pile":18,"minecraft:rabbit_stew":2,"minecraft:sweet_berries":2,"mutantmonsters:hulk_hammer":68,"minecraft:furnace":1,"minecraft:egg":41,"minecraft:potato":9,"regions_unexplored:silver_birch_log":1,"minecraft:diorite":21,"minecraft:stripped_birch_log":20,"minecraft:powered_rail":1,"iceandfire:troll_weapon_trunk":227,"minecraft:cookie":3,"minecraft:sand":11,"minecraft:crying_obsidian":1,"minecraft:stone_button":2,"iter_rpg:vile_tissue":1,"duneons:iceoakwoodfence":1,"minecraft:netherrack":571,"minecraft:orange_bed":3,"duneons:corn":13,"duneons:mountaineeraxeiron":1,"alexscaves:coprolith":5,"minecraft:iron_axe":899,"minecraft:chicken_spawn_egg":29,"minecraft:cherry_fence_gate":9,"mca:wooden_slanted_headstone":1,"minecraft:glowstone":1,"alexsmobs:enderiophage_rocket":211,"tombstone:gift":16,"minecraft:cobbled_deepslate":499,"minecraft:cherry_fence":373,"minecraft:golden_axe":165,"tombstone:scroll_of_reach":1,"minecraft:fletching_table":1,"minecraft:cracked_stone_bricks":2,"minecraft:salmon":2,"minecraft:mossy_cobblestone":5,"minecraft:oak_slab":491,"minecraft:crafting_table":7,"minecraft:tnt":4,"justhammers:diamond_hammer":2409,"minecraft:cod":4,"justhammers:iron_hammer":38,"minecraft:oak_log":12,"duneons:rainbowglass":1,"iceandfire:dragonbone_sword_fire":2,"tombstone:tablet_of_assistance":14,"minecraft:iron_pickaxe":364,"duneons:greenslightlayer_1_chestplate":2,"minecraft:cobblestone":289,"cfm:pink_sofa":6,"bosses_of_mass_destruction:charged_ender_pearl":8,"minecraft:glass_pane":4,"iceandfire:tide_deepblue_boots":2,"duneons:bluebanner":13,"minecraft:iron_shovel":80,"minecraft:oak_sign":5,"minecraft:diamond_hoe":56,"duneons:magmacubelantern":1,"minecraft:iron_sword":199,"biomesoplenty:bramble":2,"minecraft:bell":1,"minecraft:nether_bricks":27,"minecraft:carrot":47,"minecraft:tuff":73,"create:polished_cut_deepslate_slab":3,"farmersdelight:sweet_berry_cookie":3,"born_in_chaos_v1:corpse_maggot":3,"minecraft:quartz_slab":7,"minecraft:packed_mud":1,"regions_unexplored:poppy_bush":2,"iceandfire:dragonsteel_fire_sword":787,"farmersdelight:cutting_board":2,"minecraft:beetroot_seeds":47,"iceandfire:armor_bronze_helmet":1,"duneons:villager_statuesmooth":1,"alexsmobs:spawn_egg_sunbird":4,"minecraft:redstone_block":2,"duneons:grandpiano":2,"duneons:lobby_plantssmall":7,"minecraft:stone_brick_wall":9,"duneons:bluekinghat_leggings":1,"duneons:greenoutpostbricks":1,"duneons:outposttent":1,"minecraft:firework_rocket":1,"minecraft:melon_slice":5,"minecraft:gravel":8,"minecraft:blackstone_slab":575,"minecraft:grindstone":1,"minecraft:andesite":16,"minecraft:white_concrete":1008,"minecraft:oak_fence":1,"minecraft:cherry_boat":1,"alexsmobs:transmutation_table":1,"biomesoplenty:redwood_planks":251,"minecraft:wooden_shovel":67,"minecraft:granite":11,"minecraft:bookshelf":23,"minecraft:cherry_trapdoor":36,"minecraft:polished_blackstone_brick_stairs":2,"minecraft:light_gray_wool":2,"minecraft:golden_carrot":4,"duneons:telescope":3,"biomesoplenty:redwood_slab":132,"farmersdelight:fried_egg":544,"minecraft:cooked_mutton":14,"tombstone:scroll_of_mercy":1,"tombstone:scroll_of_knowledge":4,"iceandfire:fire_dragon_flesh":10,"webdisplays:keyboard":2,"minecraft:glass_bottle":2,"minecraft:polished_andesite":4,"minecraft:stonecutter":1,"minecraft:glow_item_frame":4,"duneons:chair":4,"farmersdelight:onion":19,"duneons:bluekinghat_helmet":1,"minecraft:painting":14,"tombstone:bag_of_seeds":2,"minecraft:apple":108,"minecraft:fishing_rod":4,"minecraft:cherry_stairs":37,"minecraft:bucket":19,"create:hand_crank":10,"minecraft:smooth_stone":2,"duneons:snowgreenoutpostbricks":1},"minecraft:broken":{"aether:golden_gloves":1,"minecraft:wooden_shovel":1,"duneons:crumsoncoresword":1,"duneons:piglin_armor_1_boots":1,"duneons:bluekinghat_chestplate":2,"duneons:goatgear_chestplate":1,"duneons:greenslightlayer_1_chestplate":1,"justhammers:diamond_hammer":1,"aether:zanite_pendant":1,"mutantmonsters:hulk_hammer":1,"mutantmonsters:mutant_skeleton_skull":2,"newshieldvariants:iron_shield":1,"duneons:goatgear_helmet":2,"duneons:bluekinghat_helmet":1,"justhammers:iron_hammer":1,"iceandfire:tide_deepblue_boots":1,"minecraft:iron_boots":2,"selfexpression:dreams_mask_helmet":1,"duneons:vila_spear":1,"duneons:halberd":1,"aether:zanite_ring":1,"duneons:draogn_robe_chestplate":1,"minecraft:iron_axe":4,"duneons:piglin_armor_1_helmet":1,"minecraft:iron_helmet":2,"minecraft:golden_helmet":1,"minecraft:golden_shovel":1,"duneons:bluekinghat_leggings":2,"minecraft:golden_axe":1,"minecraft:leather_boots":1},"minecraft:crafted":{"minecraft:black_dye":1,"justhammers:netherite_hammer":1,"minecraft:birch_boat":1,"minecraft:chain":3,"newshieldvariants:iron_shield":1,"justhammers:reinforced_core":1,"minecraft:stone_pressure_plate":1,"minecraft:decorated_pot":3,"webdisplays:linker":1,"minecraft:glow_item_frame":1,"minecraft:painting":1,"minecraft:iron_pickaxe":1,"minecraft:netherite_ingot":2,"iceandfire:tide_deepblue_boots":1,"webdisplays:craftcomp_upgrade":1,"minecraft:iron_nugget":486,"minecraft:diamond_hoe":1,"selfexpression:dreams_mask_helmet":1,"minecraft:lantern":20,"inventorypets:pet_blaze":1,"minecraft:quartz_slab":2,"justhammers:diamond_destructor_hammer":1,"minecraft:enchanting_table":1,"biomesoplenty:redwood_planks":188,"sophisticatedbackpacks:gold_backpack":4,"minecraft:iron_shovel":1,"inventorypets:pet_anvil":1,"inventorypets:nugget_lapis":18,"minecraft:cherry_slab":12,"minecraft:cooked_chicken":1,"minecraft:cherry_boat":1,"webdisplays:craftcomp_peripheral":1,"minecraft:comparator":1,"minecraft:chest":13,"minecraft:oak_button":1,"minecraft:cherry_fence":51,"minecraft:cherry_button":1,"sophisticatedbackpacks:upgrade_base":1,"minecraft:pink_wool":8,"sophisticatedbackpacks:diamond_backpack":2,"minecraft:stick":8,"minecraft:iron_ingot":74,"iceandfire:armor_bronze_helmet":1,"minecraft:stone_brick_wall":20,"minecraft:fishing_rod":1,"minecraft:furnace":1,"minecraft:white_concrete_powder":544,"webdisplays:laserpointer":1,"minecraft:polished_blackstone_wall":12,"minecraft:iron_sword":1,"minecraft:cooked_salmon":21,"minecraft:golden_shovel":1,"minecraft:white_dye":130,"minecraft:stonecutter":1,"minecraft:torch":20,"regions_unexplored:maple_planks":8,"sophisticatedbackpacks:crafting_upgrade":1,"minecraft:bookshelf":18,"minecraft:cooked_mutton":7,"minecraft:quartz_block":5,"minecraft:repeater":1,"minecraft:polished_blackstone":14,"aether:diamond_gloves":1,"minecraft:flower_pot":1,"minecraft:wooden_shovel":1,"cfm:pink_sofa":4,"minecraft:cooked_porkchop":28,"minecraft:iron_block":1,"minecraft:gold_ingot":51,"webdisplays:craftcomp_stonekey":9,"webdisplays:craftcomp_batcell":1,"minecraft:bone_meal":258,"minecraft:pink_dye":8,"minecraft:cherry_trapdoor":10,"minecraft:ladder":9,"minecraft:redstone_block":7,"minecraft:dark_oak_planks":4,"minecraft:wheat":270,"minecraft:coal_block":1,"webdisplays:craftcomp_laserdiode":2,"minecraft:polished_blackstone_brick_wall":22,"minecraft:golden_apple":5,"iceandfire:armor_bronze_leggings":1,"minecraft:brick":44,"minecraft:oak_planks":1392,"minecraft:green_dye":2,"justhammers:diamond_hammer":1,"minecraft:quartz_stairs":4,"minecraft:item_frame":1,"minecraft:oak_slab":390,"sophisticatedbackpacks:backpack":2,"minecraft:crafting_table":7,"minecraft:birch_planks":44,"biomesoplenty:fir_planks":4,"farmersdelight:cutting_board":1,"minecraft:book":5,"minecraft:paper":18,"minecraft:charcoal":10,"webdisplays:craftcomp_extcard":1,"webdisplays:upgrade_lasermouse":1,"minecraft:redstone_torch":6,"bosses_of_mass_destruction:charged_ender_pearl":1,"webdisplays:screen":16,"minecraft:shears":1,"minecraft:cherry_planks":444,"minecraft:redstone":36,"vanillaplustools:iron_shovel":1,"minecraft:stone_button":3,"minecraft:glass_pane":32,"minecraft:diamond_block":1,"webdisplays:craftcomp_backlight":6,"minecraft:iron_axe":2,"minecraft:iron_hoe":1,"biomesoplenty:redwood_stairs":12,"minecraft:netherite_scrap":8,"minecraft:cherry_fence_gate":3,"sophisticatedbackpacks:iron_backpack":2,"minecraft:cooked_beef":44,"minecraft:red_dye":10,"minecraft:cooked_cod":6,"create:hand_crank":1,"iceandfire:armor_bronze_boots":1,"minecraft:bucket":9,"minecraft:bread":146,"minecraft:air":0,"minecraft:blue_dye":5,"minecraft:gold_nugget":18,"minecraft:raw_gold":45,"minecraft:cherry_door":3,"justhammers:impact_core":1,"minecraft:blackstone_slab":60,"minecraft:clay":13}},"DataVersion":3465}