{"stats":{"minecraft:picked_up":{"minecraft:wooden_axe":2,"create:waxed_oxidized_copper_shingle_slab":1,"alexscaves:waste_drum":1,"minecraft:anvil":16,"minecraft:prismarine_shard":1,"minecraft:lead":2,"regions_unexplored:cobalt_earlight":4,"minecraft:enchanted_book":4,"minecraft:music_disc_cat":1,"minecraft:string":41,"duneons:coin":10,"minecraft:blue_stained_glass_pane":1,"minecraft:beetroot":6,"bosses_of_mass_destruction:soul_star":1,"minecraft:gold_nugget":268,"regions_unexplored:pine_log":1924,"minecraft:cobbled_deepslate":11212,"iceandfire:tide_purple_chestplate":1,"minecraft:spruce_planks":1,"duneons:piglin_armor_2_boots":8,"duneons:strengthenironpickaxe":2,"sophisticatedbackpacks:netherite_backpack":1,"regions_unexplored:pine_shrub":8,"aether:zanite_boots":1,"duneons:bricker_fence":1,"minecraft:golden_axe":1,"minecraft:cherry_log":38,"sophisticatedbackpacks:stack_upgrade_tier_2":1,"aether:skyroot_pickaxe":1,"mutantmonsters:mutant_skeleton_pelvis":2,"regions_unexplored:larch_button":1,"duneons:piglin_armor_1_boots":6,"minecraft:stone_sword":4,"iceandfire:banner_pattern_gorgon":1,"create:scoria":17,"farmersdelight:onion":113,"create:ochrum":409,"minecraft:blue_dye":1,"minecraft:red_tulip":7,"minecraft:iron_block":15,"farmersdelight:rope":39,"tombstone:scroll_of_aquatic_life":1,"alexscaves:serene_salad":1,"duneons:goldmace":1,"farmersdelight:melon_juice":16,"inventorypets:pet_sheep":1,"minecraft:snowball":24,"alexsmobs:flying_fish":35,"cataclysm:sticky_gloves":1,"biomesoplenty:lavender":1,"minecraft:magma_block":38,"minecraft:feather":48,"farmersdelight:rice":3,"minecraft:jungle_wood":1,"duneons:piglin_armor_1_helmet":6,"biomesoplenty:fir_sapling":4,"biomesoplenty:fir_log":64,"minecraft:flint":151,"biomesoplenty:palm_hanging_sign":1,"farmersdelight:tomato":64,"regions_unexplored:cobalt_roots":13,"artifacts:shock_pendant":2,"duneons:bow_spooky_1_gear":1,"alexscaves:extinction_spear":1,"duneons:chest_piglin_rare":4,"enchantmentmachine:enchanter_block":2,"regions_unexplored:joshua_sign":2,"regions_unexplored:pine_sapling":581,"iceandfire:deathworm_yellow_chestplate":1,"minecraft:dark_oak_log":2559,"minecraft:bundle":4,"tombstone:book_of_disenchantment":1,"inventorypets:pet_anvil":1,"biomesoplenty:willow_log":214,"iceandfire:troll_weapon_axe":1,"regions_unexplored:pink_bioshroom_fence":1,"minecraft:granite":338,"minecraft:light_gray_carpet":1,"create:copper_valve_handle":1,"iceandfire:raw_silver":4,"minecraft:diamond_pickaxe":3,"minecraft:crafting_table":3,"minecraft:coarse_dirt":226,"inventorypets:pet_pixie":1,"minecraft:sandstone_slab":5,"iceandfire:sheep_boots":1,"minecraft:nether_wart":32,"minecraft:clay_ball":116,"iceandfire:sea_serpent_scales_blue":1,"minecraft:cornflower":1,"minecraft:netherite_scrap":172,"minecraft:beef":2,"minecraft:iron_nugget":15,"minecraft:poppy":1,"duneons:kelpstonebirckscarved":1,"minecraft:chest":52,"minecraft:egg":137,"minecraft:sandstone":4,"enchantmentmachine:enchantment_block":2,"sophisticatedbackpacks:backpack":15,"farmersdelight:tomato_seeds":4,"alexscaves:primordial_helmet":1,"minecraft:cake":1,"iceandfire:silver_block":5,"minecraft:carrot":41,"minecraft:redstone":1160,"minecraft:prismarine_crystals":4,"regions_unexplored:joshua_slab":1,"duneons:deadsign":1,"minecraft:tnt":64,"minecraft:beetroot_seeds":12,"regions_unexplored:felicia_daisy":6,"minecraft:shears":1,"minecraft:gold_ingot":54,"artifacts:pocket_piston":2,"sophisticatedbackpacks:copper_backpack":3,"alexsmobs:flying_fish_bucket":1,"minecraft:glow_berries":12,"minecraft:mutton":21,"minecraft:white_wool":12,"minecraft:rail":47,"minecraft:oxeye_daisy":1,"create:crushed_raw_gold":27,"iceandfire:troll_leather_mountain":4,"minecraft:filled_map":2,"regions_unexplored:eucalyptus_hanging_sign":1,"duneons:enderarmor_chestplate":1,"minecraft:purpur_stairs":1,"minecraft:oak_log":306,"minecraft:ancient_debris":191,"create:cut_deepslate_brick_slab":5,"mutantmonsters:mutant_skeleton_limb":16,"minecraft:blue_bed":1,"inventorypets:nugget_emerald":118,"tombstone:gift":6,"duneons:pinkfaireflowersmall":1,"create:mechanical_roller":2,"minecraft:apple":174,"minecraft:stone_bricks":4,"minecraft:kelp":287,"minecraft:stone_pickaxe":11,"regions_unexplored:cobalt_obsidian":420,"minecraft:iron_sword":3,"regions_unexplored:magnolia_button":1,"minecraft:smooth_basalt":15,"minecraft:sweet_berries":64,"minecraft:gravel":577,"biomesoplenty:spider_egg":7,"minecraft:spruce_sapling":36,"minecraft:spruce_log":178,"justhammers:diamond_hammer":13,"alexscaves:floater":1,"biomesoplenty:flowering_oak_sapling":24,"regions_unexplored:stripped_brimwood_wood":1,"minecraft:diamond_shovel":1,"minecraft:slime_ball":105,"vanillaplustools:netherite_shovel":1,"minecraft:stone_axe":2,"regions_unexplored:tall_green_bioshroom":1,"minecraft:diamond_axe":3,"minecraft:gray_wool":1,"regions_unexplored:socotra_door":1,"minecraft:baked_potato":73,"minecraft:melon_seeds":9,"minecraft:ender_pearl":10,"minecraft:wheat":176,"minecraft:redstone_block":163,"iceandfire:troll_weapon_hammer":1,"minecraft:iron_trapdoor":2,"minecraft:sentry_armor_trim_smithing_template":1,"create:yellow_seat":1,"icarus:gray_mechanical_leather_wings":1,"vanillaplustools:diamond_shovel":7,"minecraft:potion":1,"regions_unexplored:glowing_blue_bioshroom_block":1,"minecraft:stone_brick_stairs":1,"tombstone:grave_key":1,"minecraft:raw_copper":113,"tombstone:book_of_recycling":1,"create:andesite_funnel":1,"biomesoplenty:brimstone":20,"minecraft:activator_rail":12,"duneons:piglin_armor_1_chestplate":6,"farmersdelight:cabbage":2,"inventorypets:pet_enchanting_table":1,"duneons:demonstatue":2,"minecraft:rose_bush":2,"minecraft:cobblestone_slab":1,"minecraft:ender_eye":1,"farmersdelight:cabbage_seeds":6,"minecraft:furnace":3,"minecraft:blue_wool":6,"minecraft:stick":588,"minecraft:torch":159,"icarus:blue_feathered_wings":1,"minecraft:porkchop":100,"iceandfire:rotten_egg":4,"tombstone:grave_dust":15,"minecraft:diorite":201,"newshieldvariants:tnt_shield":1,"duneons:endermanstatue":6,"regions_unexplored:daisy":6,"regions_unexplored:barley":2,"minecraft:quartz_block":64,"farmersdelight:fried_egg":5,"minecraft:rotten_flesh":86,"duneons:golden_axe":6,"duneons:sanctumstonestairs":1,"duneons:basaltquadratilesgilded":1,"aether:iron_ring":1,"minecraft:obsidian":178,"farmersdelight:raw_pasta":1,"minecraft:cod":21,"minecraft:cobblestone":20296,"minecraft:pink_petals":2,"inventorypets:pet_creeper":1,"minecraft:lilac":2,"minecraft:andesite":393,"iceandfire:armor_red_chestplate":1,"minecraft:beacon":1,"minecraft:potato":506,"paraglider:spirit_orb":4,"minecraft:tuff":1205,"create:raw_zinc":164,"justhammers:diamond_destructor_hammer":2,"minecraft:lapis_lazuli":413,"minecraft:dirt":3900,"minecraft:name_tag":3,"minecraft:bone":56,"minecraft:wheat_seeds":748,"minecraft:raw_gold":333,"inventorypets:pet_iron_golem":1,"create:cut_ochrum_brick_wall":1,"minecraft:prismarine":7,"minecraft:oak_planks":118,"minecraft:cooked_porkchop":3,"minecraft:poisonous_potato":5,"regions_unexplored:pine_planks":56,"iceandfire:pixie_house_birch":1,"iceandfire:myrmex_jungle_hoe":1,"minecraft:sand":202,"farmersdelight:ham":16,"minecraft:shulker_box":5,"minecraft:mossy_cobblestone":3,"artifacts:plastic_drinking_hat":1,"sophisticatedbackpacks:advanced_pickup_upgrade":1,"regions_unexplored:hanging_earlight_fruit":6,"minecraft:diamond":1435,"duneons:nether_brazier":8,"minecraft:golden_apple":4,"minecraft:emerald":108,"minecraft:oak_sapling":147,"create:mangrove_window":1,"minecraft:netherrack":5130,"minecraft:nether_star":1,"create:white_sail":1,"duneons:mechanicalshortbow":2,"iceandfire:dragonscale_silver":1,"minecraft:chicken":25,"duneons:swamplog":20,"minecraft:chest_minecart":6,"minecraft:brown_mushroom":2,"minecraft:wooden_pickaxe":2,"minecraft:gold_block":3,"regions_unexplored:maple_wood":1,"farmersdelight:diamond_knife":2,"iceandfire:silver_hoe":2,"minecraft:moss_carpet":4,"minecraft:wooden_sword":1,"inventorypets:pet_cloud":6,"minecraft:blackstone":2958,"biomesoplenty:willow_planks":60,"minecraft:detector_rail":12,"iceandfire:dragonarmor_copper_head":1,"minecraft:oak_boat":1,"regions_unexplored:peat_podzol":1,"justhammers:netherite_destructor_hammer":8,"minecraft:light_gray_wool":1,"minecraft:sugar_cane":56,"inventorypets:pet_lead":2,"duneons:tripleaxe":4,"minecraft:phantom_membrane":15,"minecraft:dark_oak_sapling":451,"create:small_rose_quartz_tiles":2,"minecraft:raw_iron":565,"iceandfire:troll_tusk":6,"iceandfire:copper_hoe":3,"artifacts:vampiric_glove":1,"minecraft:cookie":9,"minecraft:stone_button":3,"duneons:purplefaireflowersmall":1,"duneons:sandprismarineslab":1,"sophisticatedbackpacks:everlasting_upgrade":1,"tombstone:scroll_of_purification":3,"minecraft:dark_oak_planks":8,"duneons:twist_vine_bow":7,"minecraft:arrow":22,"minecraft:pumpkin_pie":7,"biomesoplenty:willow_sapling":114,"minecraft:nether_bricks":53,"mutantmonsters:mutant_skeleton_rib":8,"regions_unexplored:stripped_dead_wood":1,"minecraft:wet_sponge":4,"iceandfire:silver_axe":1,"duneons:stonehorse":6,"duneons:piglin_armor_2_helmet":8,"minecraft:air":0,"minecraft:basalt":10,"duneons:randomartifactbox":1,"minecraft:leather":10,"aether:skyroot_sign":1,"minecraft:crimson_fungus":12,"artifacts:superstitious_hat":2,"minecraft:gunpowder":10,"regions_unexplored:salmon_poppy_bush":4,"create:blaze_burner":3,"mca:book_romance":1,"iceandfire:dragonsteel_lightning_leggings":2,"minecraft:cooked_mutton":2,"alexscaves:fertilizer":1,"duneons:chest_piglin_small":2,"create:dark_oak_window":1,"duneons:mobmasher":8,"minecraft:iron_ingot":32,"aether:holystone_bricks":1,"minecraft:soul_sand":8,"sophisticatedbackpacks:diamond_backpack":2,"minecraft:book":140,"minecraft:warped_fungus":1,"minecraft:emerald_block":1,"duneons:piglin_armor_2_chestplate":8,"minecraft:pumpkin":14,"minecraft:dandelion":1,"minecraft:quartz":132,"minecraft:dripstone_block":129,"cataclysm:desert_eye":2,"duneons:spookysword":1,"duneons:nether_wart_spore_grenade":1,"minecraft:red_banner":1,"minecraft:mossy_stone_brick_slab":1,"minecraft:spider_eye":7,"iceandfire:dragonsteel_fire_boots":1,"minecraft:cherry_sapling":23,"regions_unexplored:maple_log":1,"duneons:golden_sword":1,"tombstone:magic_scroll":6,"minecraft:black_wool":5,"minecraft:coal":2108,"farmersdelight:honey_cookie":1},"minecraft:mined":{"minecraft:cherry_log":38,"biomesoplenty:brimstone":1,"minecraft:obsidian":4,"minecraft:granite":16,"iceandfire:pixie_house_oak":1,"minecraft:blue_wool":6,"minecraft:oxeye_daisy":1,"minecraft:nether_wart":80,"minecraft:spawner":6,"minecraft:tall_seagrass":28,"duneons:chest_piglin_small":10,"minecraft:barrel":2,"minecraft:fire":57,"minecraft:cobbled_deepslate":1,"biomesoplenty:lavender":1,"minecraft:pumpkin":7,"minecraft:deepslate_lapis_ore":1,"duneons:stonessand":19,"minecraft:dirt_path":4,"biomesoplenty:webbing":1,"minecraft:iron_block":13,"duneons:vasedungeon":1,"minecraft:brown_mushroom":2,"duneons:bricker_fence":1,"minecraft:kelp_plant":94,"duneons:hoglinskull":2,"minecraft:powder_snow":56,"minecraft:torch":3,"regions_unexplored:cobalt_webbing":2,"minecraft:blast_furnace":3,"minecraft:melon":2,"duneons:nethergatesmoothbricks":1,"farmersdelight:cabbages":5,"minecraft:sugar_cane":38,"regions_unexplored:pine_log":1926,"duneons:playerstatuesfortress":1,"minecraft:wheat":315,"biomesoplenty:large_rose_quartz_bud":1,"minecraft:warped_fungus":1,"minecraft:grass":480,"regions_unexplored:oak_shrub":1,"minecraft:red_mushroom_block":31,"minecraft:deepslate":150,"duneons:scorchgrass":1,"create:millstone":1,"duneons:kelpstonebircks":1,"minecraft:cherry_sapling":1,"minecraft:dark_oak_log":4336,"iceandfire:pixie_house_birch":1,"minecraft:sea_lantern":3,"minecraft:shulker_box":17,"minecraft:nether_bricks":14,"minecraft:allium":5,"regions_unexplored:hanging_earlight":3,"minecraft:redstone_wire":1,"minecraft:kelp":334,"minecraft:snow":5,"minecraft:andesite":11,"minecraft:diamond_block":8,"biomesoplenty:flesh":1,"minecraft:potatoes":180,"duneons:pattern":2,"minecraft:cobblestone_slab":1,"minecraft:vine":1,"regions_unexplored:apple_oak_leaves":1,"alexsmobs:banana_slug_slime_block":1,"minecraft:smithing_table":4,"minecraft:birch_stairs":1,"minecraft:oak_slab":4,"duneons:bonelanternfloor":2,"minecraft:glass_pane":2,"minecraft:soul_sand":44,"regions_unexplored:cobalt_earlight":1,"minecraft:emerald_ore":3,"iceandfire:pixie_house_mushroom_brown":1,"regions_unexplored:salmon_poppy_bush":4,"enchantmentmachine:disenchanter_block":1,"minecraft:tall_grass":76,"minecraft:deepslate_gold_ore":12,"biomesoplenty:willow_log":231,"minecraft:diorite":13,"duneons:netheturewall":2,"duneons:stonehorse":4,"create:blaze_burner":1,"minecraft:coarse_dirt":448,"regions_unexplored:hanging_earlight_plant":1,"minecraft:spruce_log":70,"sophisticatedbackpacks:netherite_backpack":1,"minecraft:gravel":837,"biomesoplenty:stringy_cobweb":2,"minecraft:cobweb":19,"minecraft:polished_blackstone":2,"minecraft:stone_bricks":4,"minecraft:gold_ore":2,"regions_unexplored:peat_podzol":1,"regions_unexplored:tassel":1,"minecraft:fern":120,"create:deepslate_zinc_ore":2,"minecraft:attached_melon_stem":2,"minecraft:farmland":4,"duneons:darkstonebricks":2,"regions_unexplored:maple_log":4,"minecraft:grass_block":1232,"regions_unexplored:pine_shrub":5,"biomesoplenty:flowering_oak_leaves":4,"duneons:blacknetherbrickpillar":1,"farmersdelight:budding_tomatoes":2,"regions_unexplored:purple_coneflower":6,"minecraft:polished_blackstone_brick_slab":2,"minecraft:iron_ore":70,"minecraft:anvil":53,"minecraft:dark_oak_stairs":1,"enchantmentmachine:enchanter_block":1,"iceandfire:pixie_house_spruce":1,"duneons:urn_loot_big_red":4,"minecraft:deepslate_redstone_ore":1,"create:adjustable_chain_gearshift":1,"minecraft:blackstone":10,"duneons:loot_biggreen":2,"minecraft:clay":29,"duneons:nether_brazier":18,"minecraft:beacon":1,"minecraft:chest":74,"minecraft:mushroom_stem":4,"minecraft:cobblestone":17,"minecraft:oak_planks":6,"minecraft:wall_torch":6,"minecraft:pink_petals":1,"minecraft:seagrass":43,"minecraft:birch_log":13,"paraglider:kakariko_goddess_statue":1,"minecraft:tnt":100,"biomesoplenty:fir_log":14,"duneons:chest_piglin_rare":10,"biomesoplenty:clover":2,"minecraft:oak_log":280,"minecraft:beetroots":3,"regions_unexplored:peat_dirt":4,"minecraft:sand":162,"minecraft:dirt":4495,"regions_unexplored:cobalt_nylium":7,"minecraft:ancient_debris":1,"minecraft:netherrack":75,"minecraft:oak_leaves":8,"minecraft:diamond_ore":9,"duneons:magmacubelantern":4,"minecraft:tuff":7,"duneons:bluevangardvase":4,"farmersdelight:onions":31,"regions_unexplored:barley":4,"minecraft:deepslate_diamond_ore":50,"duneons:greenlongvase":1,"biomesoplenty:bush":335,"create:ochrum":6,"minecraft:spruce_leaves":4,"regions_unexplored:cobalt_log":1,"minecraft:large_fern":38,"minecraft:furnace":2,"minecraft:carrots":1,"minecraft:black_concrete":4,"biomesoplenty:willow_vine":2,"minecraft:gold_block":8,"biomesoplenty:sea_oats":3,"duneons:wiremeshblock":1,"minecraft:bookshelf":111,"duneons:swamplog":29,"minecraft:deepslate_iron_ore":14,"duneons:loot_biggrey":3,"duneons:hoveringinfernostatue":2,"minecraft:wet_sponge":1,"regions_unexplored:medium_grass":184,"minecraft:stone":412,"biomesoplenty:spider_egg":8,"minecraft:podzol":2,"minecraft:snow_block":15,"minecraft:crafting_table":2,"duneons:demonstatue":2,"minecraft:rose_bush":1,"minecraft:deepslate_coal_ore":2,"biomesoplenty:sprout":1,"minecraft:lapis_ore":1,"minecraft:polished_blackstone_brick_stairs":1,"minecraft:sculk":11,"minecraft:blue_bed":1,"minecraft:birch_planks":2,"alexscaves:waste_drum":22,"minecraft:coal_ore":100,"minecraft:cracked_stone_bricks":1,"minecraft:mossy_stone_bricks":2,"minecraft:dark_oak_planks":7},"minecraft:used":{"justhammers:netherite_destructor_hammer":3346,"minecraft:dispenser":1,"farmersdelight:cabbage_seeds":4,"minecraft:chest":107,"duneons:nether_brazier":2,"minecraft:rotten_flesh":25,"minecraft:snowball":7,"minecraft:lava_bucket":5,"minecraft:wet_sponge":1,"minecraft:sweet_berries":43,"minecraft:cooked_cod":23,"mutantmonsters:hulk_hammer":3,"minecraft:furnace":13,"minecraft:egg":29,"minecraft:potato":591,"regions_unexplored:larch_chest_boat":1,"create:cut_deepslate_brick_slab":6,"minecraft:blackstone":7,"minecraft:wooden_pickaxe":161,"minecraft:sand":1943,"duneons:whip_gear":90,"iceandfire:myrmex_jungle_hoe":555,"farmersdelight:honey_cookie":1,"create:adjustable_chain_gearshift":1,"minecraft:diamond_sword":542,"minecraft:smithing_table":3,"vanillaplustools:diamond_shovel":1153,"minecraft:stone_sword":125,"minecraft:light_gray_carpet":1,"minecraft:netherrack":128,"minecraft:torch":149,"minecraft:anvil":2,"sophisticatedbackpacks:netherite_backpack":1,"minecraft:melon_seeds":2,"minecraft:basalt":3,"minecraft:beef":9,"enchantmentmachine:enchantment_block":3,"tombstone:gift":6,"farmersdelight:tomato_seeds":1,"minecraft:cobbled_deepslate":123,"minecraft:observer":2,"minecraft:golden_axe":50,"minecraft:wheat_seeds":872,"minecraft:water_bucket":35,"duneons:spookysword":319,"create:blaze_burner":1,"regions_unexplored:maple_wood":1,"minecraft:diamond_block":22,"justhammers:diamond_hammer":6073,"minecraft:crafting_table":10,"minecraft:cod":12,"minecraft:cake":1,"alexsmobs:flying_fish":2,"minecraft:diamond_pickaxe":403,"minecraft:diamond_shovel":2557,"minecraft:iron_pickaxe":278,"alexscaves:extinction_spear":1,"alexscaves:spelunkie":18,"minecraft:cobblestone":292,"minecraft:porkchop":6,"duneons:giantgoldenchains":8,"minecraft:cooked_porkchop":46,"minecraft:sandstone_slab":1,"farmersdelight:yellow_hanging_canvas_sign":1,"minecraft:iron_shovel":65,"duneons:magmacubelantern":4,"minecraft:diamond_hoe":1572,"minecraft:shield":98,"enchantmentmachine:enchanter_block":2,"minecraft:nether_bricks":1,"minecraft:carrot":17,"farmersdelight:sweet_berry_cookie":64,"minecraft:obsidian":9,"create:millstone":2,"farmersdelight:raw_pasta":1,"regions_unexplored:magnolia_button":1,"minecraft:beetroot_seeds":3,"minecraft:stone_pickaxe":240,"duneons:kelpstonebirckscarved":1,"minecraft:oak_planks":2,"minecraft:diamond_axe":6934,"minecraft:blue_bed":3,"duneons:bonelanternfloor":1,"iceandfire:silver_axe":3,"justhammers:diamond_destructor_hammer":1,"minecraft:bread":142,"enchantmentmachine:disenchanter_block":2,"iceandfire:copper_hoe":589,"minecraft:gravel":10,"minecraft:andesite":18,"minecraft:coarse_dirt":75,"minecraft:flint_and_steel":71,"minecraft:redstone":1,"minecraft:dirt":4966,"minecraft:shulker_box":17,"alexscaves:waste_drum":1,"duneons:bluevase":1,"minecraft:iron_hoe":77,"minecraft:wooden_axe":5,"minecraft:cooked_beef":12,"farmersdelight:fried_egg":64,"minecraft:cooked_mutton":12,"duneons:golden_sword":123,"minecraft:baked_potato":264,"farmersdelight:onion":48,"minecraft:smoker":2,"farmersdelight:smoked_ham":6,"tombstone:bag_of_seeds":2,"minecraft:apple":182,"iceandfire:dragonsteel_ice_axe":2,"minecraft:stone_axe":746,"iceandfire:silver_hoe":460,"minecraft:bucket":42,"minecraft:red_banner":1,"minecraft:pumpkin_pie":6},"minecraft:dropped":{"regions_unexplored:green_bioshroom_stairs":1,"minecraft:iron_sword":3,"minecraft:porkchop":16,"minecraft:lapis_lazuli":43,"minecraft:diamond":944,"duneons:burstgale":1,"duneons:halberd":1,"minecraft:crafting_table":1,"regions_unexplored:glowing_blue_bioshroom_block":1,"minecraft:cooked_porkchop":1,"artifacts:shock_pendant":1,"regions_unexplored:pine_shrub":2,"minecraft:glow_berries":12,"minecraft:purpur_stairs":1,"minecraft:rail":39,"minecraft:red_carpet":14,"regions_unexplored:yellow_bioshroom_sign":1,"minecraft:light_weighted_pressure_plate":1,"minecraft:emerald":89,"create:yellow_seat":1,"minecraft:dirt":621,"minecraft:waxed_exposed_cut_copper_slab":1,"inventorypets:pet_creeper":1,"minecraft:gold_nugget":24,"minecraft:sand":715,"duneons:fortressnetherracktiles":9,"minecraft:dark_oak_planks":14,"minecraft:white_wool":2,"minecraft:bone":2,"inventorypets:pet_cloud":8,"minecraft:stone_axe":1,"duneons:basaltquadratilesgilded":1,"minecraft:emerald_block":1,"minecraft:sugar_cane":6,"minecraft:iron_nugget":1,"minecraft:detector_rail":12,"minecraft:cobbled_deepslate":14138,"inventorypets:pet_enchanting_table":2,"duneons:nether_brazier":10,"minecraft:pink_dye":1,"tombstone:gift":3,"minecraft:rotten_flesh":9,"minecraft:oak_planks":129,"duneons:dungeonbarrel":1,"minecraft:nether_brick_fence":1,"create:white_sail":1,"duneons:mossystoneslab":1,"minecraft:deepslate_tiles":4,"duneons:whip_gear":1,"regions_unexplored:kapok_sapling":1,"create:polished_cut_asurine_wall":1,"iceandfire:tide_red_boots":1,"farmersdelight:rope":27,"inventorypets:pet_lead":2,"iceandfire:dread_stone_slab":1,"iceandfire:sea_serpent_scales_blue":1,"duneons:icebricksstairs":1,"minecraft:stone_brick_stairs":1,"duneons:chiseledfortresstilesnetherrack":12,"alexscaves:floater":1,"minecraft:egg":46,"farmersdelight:tomato_seeds":6,"minecraft:enchanted_book":1,"minecraft:iron_ingot":109,"minecraft:blue_stained_glass_pane":1,"minecraft:wheat_seeds":45,"inventorypets:pet_sheep":1,"minecraft:waxed_oxidized_cut_copper_stairs":1,"minecraft:cobblestone":10248,"minecraft:feather":1,"minecraft:book":14,"alexsmobs:chorus_on_a_stick":1,"minecraft:apple":9,"minecraft:granite":147,"minecraft:coal_block":64,"minecraft:coal":3,"justhammers:netherite_destructor_hammer":3,"minecraft:oxeye_daisy":1,"minecraft:lava_bucket":3,"regions_unexplored:blue_magnolia_shrub":1,"minecraft:iron_trapdoor":1,"regions_unexplored:barley":2,"duneons:piglin_armor_2_helmet":1,"iceandfire:dragonsteel_ice_axe":1,"minecraft:potion":1,"simplyswords:sword_on_a_stick":1,"create:mechanical_roller":2,"alexscaves:limestone_slab":1,"minecraft:paper":1,"regions_unexplored:stripped_dead_wood":2,"minecraft:string":4,"create:raw_zinc":16,"minecraft:furnace":1,"duneons:chest_piglin_small":6,"create:small_rose_quartz_tiles":2,"minecraft:netherite_ingot":7,"biomesoplenty:jacaranda_fence_gate":1,"minecraft:stone_sword":1,"duneons:fortresstilesnetherrack_1":54,"regions_unexplored:mauve_stairs":1,"minecraft:white_carpet":15,"cataclysm:desert_eye":1,"sophisticatedbackpacks:backpack":6,"duneons:sandprismarineslab":1,"minecraft:orange_wool":1,"regions_unexplored:dead_stairs":1,"minecraft:nether_bricks":61,"create:cut_dripstone":1,"minecraft:light_blue_dye":1,"minecraft:cobblestone_slab":1,"create:waxed_oxidized_copper_shingle_slab":1,"minecraft:bundle":1,"minecraft:spruce_planks":2,"iceandfire:dragonsteel_lightning_leggings":1,"minecraft:diamond_pickaxe":2,"minecraft:light_blue_carpet":1,"alexscaves:dreadbow":1,"minecraft:spider_eye":5,"create:gray_seat":1,"iceandfire:silver_pile":1,"minecraft:rabbit_stew":1,"minecraft:sandstone":4,"sophisticatedbackpacks:copper_backpack":1,"minecraft:red_tulip":1,"regions_unexplored:chalk_brick_stairs":1,"minecraft:green_concrete_powder":1,"minecraft:magma_block":6,"vanillaplustools:diamond_shovel":10,"simplyswords:iron_claymore":2,"minecraft:black_wool":1,"regions_unexplored:cobalt_roots":2,"duneons:golden_sword":2,"farmersdelight:diamond_knife":2,"create:copper_valve_handle":1,"minecraft:dark_oak_stairs":1,"minecraft:birch_planks":2,"minecraft:diamond_axe":8,"minecraft:baked_potato":26,"minecraft:ender_pearl":3,"minecraft:sandstone_slab":10,"alexscaves:coprolith_stairs":1,"minecraft:leather":8,"duneons:bow_spooky_1_gear":2,"regions_unexplored:redwood_sapling":1,"farmersdelight:rice":11,"create:small_dripstone_brick_slab":1,"artifacts:vampiric_glove":1,"paraglider:spirit_orb":2,"minecraft:dark_oak_log":1,"iceandfire:copper_hoe":1,"artifacts:superstitious_hat":2,"duneons:rapier":1,"minecraft:mutton":4,"minecraft:snowball":7,"biomesoplenty:spider_egg":1,"alexscaves:guano_block":1,"farmersdelight:onion":80,"inventorypets:pet_qcm":1,"minecraft:wet_sponge":3,"regions_unexplored:willow_planks":1,"minecraft:polished_blackstone_bricks":6,"inventorypets:pet_spider":1,"minecraft:gold_ingot":28,"regions_unexplored:joshua_planks":1,"minecraft:gravel":171,"minecraft:blackstone":126,"duneons:spookysword":1,"inventorypets:pet_wolf":1,"regions_unexplored:dead_door":1,"aether:zanite_boots":1,"regions_unexplored:redwood_stairs":1,"inventorypets:pet_shield":1,"biomesoplenty:mahogany_fence_gate":1,"minecraft:diamond_shovel":1,"enchantmentmachine:enchanter_block":1,"sophisticatedbackpacks:diamond_backpack":5,"minecraft:birch_fence_gate":1,"enchantmentmachine:enchantment_block":1,"minecraft:gunpowder":26,"tombstone:decorative_grave_cross":2,"regions_unexplored:socotra_door":1,"minecraft:beetroot_seeds":9,"minecraft:melon_seeds":7,"minecraft:glowstone":4,"minecraft:chest":23,"aether:golden_ring":1,"duneons:beehive_helmet":1,"minecraft:basalt":7,"regions_unexplored:joshua_slab":1,"minecraft:arrow":6,"alexscaves:primordial_helmet":1,"regions_unexplored:tall_green_bioshroom":1,"minecraft:quartz":129,"aether:angelic_slab":1,"minecraft:netherrack":1028,"duneons:nethergatesmoothbricks":1,"justhammers:diamond_hammer":5,"minecraft:oak_slab":2,"minecraft:mossy_cobblestone":23,"inventorypets:pet_anvil":1,"minecraft:diamond_leggings":1,"minecraft:poisonous_potato":1,"minecraft:prismarine_shard":1,"aether:iron_ring":1,"minecraft:jungle_wood":1,"minecraft:activator_rail":12,"iceandfire:dragonarmor_copper_head":1,"minecraft:light_blue_concrete_powder":1,"regions_unexplored:pine_sapling":3,"create:cut_crimsite_brick_wall":1,"minecraft:stick":88,"minecraft:diorite":42,"tombstone:magic_scroll":4,"minecraft:torch":1,"tombstone:grave_key":1,"duneons:piglin_armor_2_boots":1,"inventorypets:pet_iron_golem":2,"duneons:ravagergateiron":1,"create:polished_cut_scoria":1,"duneons:nether_wart_spore_grenade":1,"duneons:beehive_chestplate":1,"tombstone:grave_dust":2,"duneons:piglin_armor_2_chestplate":1,"inventorypets:pet_illuminati":1,"alexscaves:extinction_spear":1,"inventorypets:nugget_emerald":120,"minecraft:redstone_block":37,"minecraft:smooth_basalt":15,"minecraft:redstone":64,"minecraft:cherry_wood":1,"minecraft:kelp":37,"minecraft:oak_trapdoor":1,"minecraft:coarse_dirt":474,"minecraft:raw_copper":25,"minecraft:tuff":2666,"duneons:fishbox":1,"minecraft:raw_iron":192,"simplyswords:tempest":1,"tombstone:scroll_of_purification":3,"regions_unexplored:mauve_planks":1,"aether:aerogel_wall":1,"minecraft:shulker_box":1,"minecraft:deepslate_bricks":1,"iceandfire:tide_purple_chestplate":1,"minecraft:filled_map":1,"iceandfire:troll_weapon_hammer":1,"cataclysm:obsidian_bricks":1,"duneons:swamplog":1,"aether:iron_gloves":1,"regions_unexplored:stripped_brimwood_wood":1,"aether:diamond_gloves":3,"minecraft:iron_chestplate":1,"minecraft:andesite":175,"minecraft:golden_leggings":1,"minecraft:oak_sapling":10,"artifacts:pocket_piston":1,"justhammers:diamond_destructor_hammer":4,"inventorypets:pet_ghast":1,"minecraft:diamond_boots":1,"minecraft:spruce_log":74,"biomesoplenty:willow_planks":60,"minecraft:raw_gold":55,"minecraft:stone_pickaxe":5,"minecraft:wooden_pickaxe":1,"duneons:stronghold_table":1},"minecraft:custom":{"minecraft:interact_with_crafting_table":521,"minecraft:open_barrel":167,"minecraft:eat_cake_slice":5,"minecraft:leave_game":37,"minecraft:time_since_death":484055,"minecraft:damage_blocked_by_shield":5745,"minecraft:play_time":2802563,"minecraft:deaths":36,"minecraft:jump":27511,"minecraft:enchant_item":2,"minecraft:interact_with_furnace":260,"minecraft:sleep_in_bed":21,"tombstone:sneak_grave":2,"minecraft:damage_dealt":44532,"tombstone:undead_killed":88,"minecraft:interact_with_smoker":49,"minecraft:inspect_dispenser":13,"minecraft:interact_with_smithing_table":4,"minecraft:interact_with_anvil":22,"minecraft:damage_dealt_absorbed":153,"minecraft:sneak_time":125329,"minecraft:total_world_time":2802563,"tombstone:raider_killed":4,"minecraft:time_since_rest":483845,"minecraft:swim_one_cm":25131,"minecraft:fly_one_cm":17341543,"minecraft:open_chest":3164,"minecraft:fall_one_cm":317005,"minecraft:animals_bred":5,"minecraft:open_shulker_box":33,"minecraft:damage_resisted":2144,"minecraft:sprint_one_cm":7376567,"minecraft:drop":1080,"minecraft:talked_to_villager":2,"minecraft:interact_with_brewingstand":1,"minecraft:walk_on_water_one_cm":911237,"minecraft:crouch_one_cm":344608,"minecraft:mob_kills":282,"minecraft:damage_dealt_resisted":378,"minecraft:climb_one_cm":5583,"minecraft:walk_one_cm":7618830,"minecraft:walk_under_water_one_cm":295995,"minecraft:boat_one_cm":3901,"minecraft:damage_taken":41923,"minecraft:damage_absorbed":5494,"minecraft:trigger_trapped_chest":3,"minecraft:aviate_one_cm":514133},"minecraft:killed":{"minecraft:cave_spider":1,"minecraft:skeleton":16,"minecraft:chicken":17,"minecraft:zombie":59,"minecraft:cow":2,"alexsmobs:seagull":4,"iceandfire:ghost":1,"minecraft:enderman":2,"mythicmounts:nightmare":1,"minecraft:spider":7,"minecraft:silverfish":10,"minecraft:piglin_brute":4,"artifacts:mimic":2,"minecraft:wolf":3,"mythicmounts:moth":2,"minecraft:piglin":2,"minecraft:pig":31,"minecraft:creeper":8,"minecraft:sheep":11,"minecraft:blaze":5,"minecraft:slime":39,"minecraft:phantom":4,"alexsmobs:flying_fish":5,"iceandfire:troll":1,"minecraft:wither_skeleton":8},"minecraft:crafted":{"minecraft:black_dye":1,"justhammers:netherite_hammer":2,"aether:iron_ring":1,"enchantmentmachine:enchantment_block":1,"minecraft:slime_block":26,"minecraft:diamond_shovel":20,"inventorypets:pet_cobblestone":1,"minecraft:potato":63,"justhammers:reinforced_core":2,"minecraft:cooked_mutton":10,"minecraft:quartz_block":32,"minecraft:diamond_leggings":1,"inventorypets:pet_creeper":1,"inventorypets:pet_magma_cube":2,"vanillaplustools:diamond_shovel":2,"aether:diamond_gloves":1,"inventorypets:nugget_obsidian":54,"iceandfire:silver_axe":1,"inventorypets:pet_double_chest":1,"justhammers:netherite_destructor_hammer":1,"minecraft:cooked_porkchop":17,"minecraft:diamond_axe":16,"inventorypets:pet_enchanting_table":3,"minecraft:smithing_table":3,"minecraft:sticky_piston":5,"inventorypets:pet_end_portal":1,"minecraft:iron_pickaxe":1,"minecraft:iron_block":151,"minecraft:gold_ingot":609,"inventorypets:pet_qcm":3,"minecraft:netherite_ingot":47,"sophisticatedbackpacks:netherite_backpack":1,"minecraft:iron_nugget":1823,"sophisticatedbackpacks:stack_upgrade_tier_3":1,"inventorypets:pet_lead":1,"minecraft:diamond_hoe":9,"inventorypets:pet_shield":2,"inventorypets:pet_wolf":2,"minecraft:diamond":639,"inventorypets:pet_blaze":1,"minecraft:stone_pickaxe":5,"minecraft:diamond_boots":1,"inventorypets:nugget_diamond":72,"inventorypets:pet_spider":2,"minecraft:redstone_block":155,"minecraft:dark_oak_planks":8,"inventorypets:pet_ghast":2,"minecraft:coal_block":549,"enchantmentmachine:enchanter_block":1,"inventorypets:pet_torch":1,"justhammers:diamond_destructor_hammer":1,"inventorypets:pet_sated_double_chest":1,"minecraft:blue_bed":2,"minecraft:sandstone_slab":6,"sophisticatedbackpacks:gold_backpack":14,"inventorypets:pet_pixie":1,"regions_unexplored:pine_planks":400,"minecraft:iron_shovel":1,"minecraft:iron_leggings":1,"inventorypets:pet_anvil":2,"inventorypets:nugget_ender":9,"inventorypets:pet_cow":1,"minecraft:oak_planks":188,"inventorypets:nugget_lapis":72,"enchantmentmachine:disenchanter_block":1,"aether:golden_ring":1,"inventorypets:pet_chicken":1,"minecraft:bow":1,"minecraft:iron_boots":1,"justhammers:diamond_hammer":15,"minecraft:chest":33,"minecraft:golden_boots":1,"minecraft:smoker":2,"sophisticatedbackpacks:backpack":10,"minecraft:crafting_table":10,"justhammers:reinforced_impact_core":2,"minecraft:spruce_planks":32,"minecraft:wooden_pickaxe":3,"minecraft:baked_potato":181,"minecraft:iron_helmet":1,"minecraft:gold_block":52,"sophisticatedbackpacks:upgrade_base":10,"biomesoplenty:fir_planks":8,"minecraft:dispenser":1,"minecraft:book":7,"minecraft:iron_chestplate":1,"minecraft:paper":63,"minecraft:diamond_pickaxe":2,"minecraft:shield":2,"minecraft:netherite_block":3,"sophisticatedbackpacks:diamond_backpack":16,"minecraft:stick":140,"minecraft:iron_ingot":957,"minecraft:stone_sword":3,"sophisticatedbackpacks:filter_upgrade":1,"minecraft:shears":1,"sophisticatedbackpacks:advanced_pickup_upgrade":5,"inventorypets:pet_silverfish":1,"minecraft:redstone":90,"minecraft:coal":576,"inventorypets:pet_enderman":1,"inventorypets:pet_nether_portal":1,"inventorypets:pet_mooshroom":1,"minecraft:furnace":15,"minecraft:piston":5,"minecraft:diamond_block":91,"minecraft:flint_and_steel":2,"justhammers:destructor_core":2,"inventorypets:pet_iron_golem":3,"inventorypets:pet_sheep":1,"minecraft:iron_hoe":2,"inventorypets:nugget_emerald":144,"minecraft:netherite_scrap":206,"inventorypets:pet_illuminati":1,"minecraft:observer":2,"sophisticatedbackpacks:iron_backpack":14,"minecraft:cooked_cod":23,"minecraft:diamond_sword":1,"inventorypets:pet_pig":1,"minecraft:bucket":9,"biomesoplenty:willow_planks":88,"minecraft:stone_axe":5,"inventorypets:pet_purplicious_cow":1,"minecraft:air":0,"minecraft:bread":81,"create:raw_zinc_block":15,"minecraft:blue_dye":1,"sophisticatedbackpacks:pickup_upgrade":4,"sophisticatedbackpacks:advanced_filter_upgrade":1,"inventorypets:nugget_coal":112,"minecraft:gold_nugget":18,"justhammers:impact_core":2,"minecraft:torch":284,"minecraft:lapis_block":55},"minecraft:killed_by":{"iceandfire:ghost":1},"minecraft:broken":{"minecraft:golden_boots":1,"duneons:piglin_armor_2_boots":1,"minecraft:iron_leggings":1,"duneons:piglin_armor_1_boots":1,"minecraft:diamond_shovel":1,"duneons:piglin_armor_2_helmet":2,"minecraft:wooden_pickaxe":3,"minecraft:shield":2,"duneons:piglin_armor_1_helmet":1,"minecraft:iron_pickaxe":1,"minecraft:iron_helmet":1,"iceandfire:copper_hoe":2,"minecraft:stone_pickaxe":1,"iceandfire:myrmex_jungle_hoe":1,"minecraft:stone_axe":5,"minecraft:wooden_axe":1,"iceandfire:silver_hoe":1,"minecraft:diamond_hoe":1,"duneons:beehive_helmet":1,"duneons:piglin_armor_1_chestplate":1,"minecraft:flint_and_steel":1,"minecraft:golden_axe":1,"minecraft:diamond_axe":4}},"DataVersion":3465}