{"stats":{"minecraft:dropped":{"minecraft:baked_potato":2,"minecraft:cobblestone":692,"biomesoplenty:lavender":2,"minecraft:granite":1,"minecraft:flint":1,"tombstone:grave_key":2,"minecraft:iron_pickaxe":1,"minecraft:cobbled_deepslate":223,"justhammers:iron_hammer":1,"create:zinc_ingot":6,"minecraft:andesite":47,"minecraft:oak_sapling":26,"minecraft:stone_pickaxe":1,"biomesoplenty:tall_lavender":1},"minecraft:broken":{"minecraft:stone_pickaxe":3,"justhammers:stone_hammer":1,"minecraft:iron_pickaxe":1},"minecraft:killed_by":{"minecraft:player":1,"minecraft:skeleton":1,"minecraft:zombie":1},"minecraft:picked_up":{"minecraft:crafting_table":2,"minecraft:wheat":20,"minecraft:lead":2,"tombstone:grave_key":3,"minecraft:amethyst_block":10,"minecraft:raw_copper":60,"regions_unexplored:poppy_bush":3,"biomesoplenty:tall_lavender":6,"minecraft:cobbled_deepslate":425,"minecraft:beef":1,"minecraft:rose_bush":15,"minecraft:iron_pickaxe":1,"minecraft:light_gray_wool":2,"minecraft:sugar_cane":69,"minecraft:egg":2,"minecraft:stick":2,"minecraft:raw_iron":33,"minecraft:torch":25,"minecraft:porkchop":4,"minecraft:cherry_log":1,"minecraft:diorite":199,"minecraft:carrot":4,"create:zinc_ingot":6,"minecraft:rotten_flesh":1,"minecraft:beetroot_seeds":1,"minecraft:mutton":8,"minecraft:white_wool":3,"minecraft:cobblestone":1307,"minecraft:oxeye_daisy":1,"biomesoplenty:lavender":13,"born_in_chaos_v1:corpse_maggot":1,"minecraft:andesite":131,"minecraft:potato":13,"minecraft:flint":1,"minecraft:oak_log":16,"create:raw_zinc":19,"regions_unexplored:salmon_poppy_bush":7,"minecraft:lapis_lazuli":58,"minecraft:dirt":15,"minecraft:bone":5,"minecraft:apple":13,"minecraft:wheat_seeds":68,"farmersdelight:sweet_berry_cookie":2,"minecraft:raw_gold":17,"born_in_chaos_v1:ethereal_spirit":1,"minecraft:gravel":6,"justhammers:iron_hammer":1,"minecraft:amethyst_shard":52,"born_in_chaos_v1:dark_rod":1,"minecraft:white_bed":3,"minecraft:mossy_cobblestone":1,"minecraft:diamond":10,"minecraft:granite":97,"minecraft:cherry_sapling":1,"minecraft:bread":6,"minecraft:oak_sapling":29,"minecraft:coal":39,"minecraft:dark_oak_fence":1,"iceandfire:raw_silver":7},"minecraft:crafted":{"minecraft:oak_planks":64,"minecraft:furnace":3,"minecraft:stone":25,"minecraft:cooked_mutton":6,"minecraft:stone_pickaxe":5,"minecraft:crafting_table":1,"minecraft:wooden_pickaxe":2,"minecraft:baked_potato":9,"minecraft:iron_sword":1,"minecraft:bread":6,"justhammers:iron_hammer":7,"minecraft:iron_chestplate":1,"justhammers:stone_hammer":1,"minecraft:stick":52,"minecraft:iron_ingot":30,"minecraft:iron_pickaxe":1,"minecraft:stone_sword":1,"minecraft:torch":52,"create:zinc_ingot":19},"minecraft:custom":{"minecraft:mob_kills":11,"minecraft:interact_with_crafting_table":58,"minecraft:bell_ring":7,"minecraft:damage_dealt_resisted":58,"minecraft:leave_game":6,"minecraft:time_since_death":387,"minecraft:climb_one_cm":1831,"minecraft:sprint_one_cm":467869,"minecraft:walk_one_cm":628248,"minecraft:drop":129,"minecraft:talked_to_villager":1,"minecraft:play_time":169039,"minecraft:deaths":16,"minecraft:sneak_time":3082,"minecraft:walk_under_water_one_cm":27813,"minecraft:jump":3295,"minecraft:walk_on_water_one_cm":82158,"minecraft:total_world_time":169039,"minecraft:interact_with_furnace":85,"minecraft:sleep_in_bed":1,"minecraft:time_since_rest":1,"minecraft:damage_taken":5682,"tombstone:sneak_grave":1,"minecraft:damage_dealt":1856,"minecraft:swim_one_cm":49785,"minecraft:fly_one_cm":437194,"minecraft:open_chest":44,"minecraft:crouch_one_cm":5317,"minecraft:fall_one_cm":70152},"minecraft:killed":{"minecraft:silverfish":1,"minecraft:pig":2,"minecraft:sheep":5,"alexsmobs:cockroach":1,"minecraft:cow":1},"minecraft:used":{"minecraft:stone_sword":73,"born_in_chaos_v1:ethereal_spirit":1,"minecraft:stone":1,"minecraft:iron_sword":5,"minecraft:torch":68,"minecraft:dirt":7,"minecraft:mutton":2,"farmersdelight:sweet_berry_cookie":2,"minecraft:light_gray_wool":1,"minecraft:furnace":3,"tombstone:gift":3,"minecraft:egg":1,"minecraft:cobbled_deepslate":48,"minecraft:cherry_log":1,"minecraft:cooked_mutton":6,"minecraft:diorite":18,"minecraft:stone_pickaxe":434,"minecraft:baked_potato":7,"minecraft:wooden_pickaxe":61,"minecraft:crafting_table":3,"minecraft:white_bed":1,"justhammers:iron_hammer":403,"minecraft:apple":12,"minecraft:bread":5,"minecraft:iron_pickaxe":253,"justhammers:stone_hammer":58,"minecraft:cobblestone":254,"minecraft:porkchop":1,"minecraft:dark_oak_fence":1,"alexsmobs:animal_dictionary":4},"minecraft:mined":{"create:zinc_ore":15,"create:deepslate_zinc_ore":4,"minecraft:tuff":1,"biomesoplenty:watergrass":34,"minecraft:white_bed":3,"iceandfire:silver_ore":1,"minecraft:mossy_cobblestone":2,"minecraft:deepslate_diamond_ore":1,"minecraft:cherry_log":1,"minecraft:cherry_sapling":1,"minecraft:glow_lichen":5,"minecraft:granite":1,"minecraft:dark_oak_fence":1,"minecraft:budding_amethyst":4,"minecraft:grass_block":13,"regions_unexplored:poppy_bush":1,"biomesoplenty:flowering_oak_leaves":1,"minecraft:oxeye_daisy":2,"minecraft:tall_seagrass":11,"biomesoplenty:tall_lavender":7,"minecraft:carrots":7,"minecraft:iron_ore":5,"biomesoplenty:lavender":23,"minecraft:andesite":26,"minecraft:deepslate_lapis_ore":4,"minecraft:potatoes":2,"minecraft:deepslate_iron_ore":11,"regions_unexplored:medium_grass":5,"minecraft:stone":197,"minecraft:deepslate_redstone_ore":12,"minecraft:amethyst_cluster":12,"minecraft:crafting_table":2,"minecraft:torch":1,"regions_unexplored:salmon_poppy_bush":13,"minecraft:rose_bush":23,"minecraft:tall_grass":10,"minecraft:copper_ore":6,"minecraft:cobblestone":29,"biomesoplenty:huge_clover_petal":19,"biomesoplenty:sprout":11,"minecraft:lapis_ore":1,"minecraft:deepslate_gold_ore":1,"minecraft:sugar_cane":30,"minecraft:diorite":90,"minecraft:wall_torch":27,"minecraft:amethyst_block":15,"minecraft:deepslate_copper_ore":5,"minecraft:seagrass":2,"minecraft:wheat":18,"minecraft:grass":80,"biomesoplenty:clover":32,"minecraft:oak_log":17,"minecraft:coal_ore":13,"minecraft:beetroots":2,"minecraft:gravel":8,"minecraft:dirt":2,"born_in_chaos_v1:infernal_evil_pumpkin_s":1,"minecraft:gold_ore":5,"minecraft:oak_leaves":5,"minecraft:deepslate":201,"biomesoplenty:reed":5}},"DataVersion":3465}