{"stats":{"minecraft:custom":{"minecraft:interact_with_crafting_table":15,"minecraft:leave_game":3,"minecraft:time_since_death":1070,"minecraft:damage_resisted":95,"minecraft:sprint_one_cm":1590423,"minecraft:damage_blocked_by_shield":495,"minecraft:drop":2806,"minecraft:play_time":493167,"minecraft:deaths":13,"minecraft:jump":4668,"minecraft:interact_with_brewingstand":1,"minecraft:walk_on_water_one_cm":197776,"minecraft:interact_with_furnace":61,"minecraft:sleep_in_bed":3,"minecraft:damage_dealt":25684,"minecraft:crouch_one_cm":3577,"tombstone:undead_killed":66,"minecraft:interact_with_smoker":3,"minecraft:mob_kills":152,"minecraft:interact_with_anvil":8,"minecraft:damage_dealt_resisted":58,"minecraft:walk_one_cm":2412475,"minecraft:damage_dealt_absorbed":40,"minecraft:sneak_time":1451,"minecraft:walk_under_water_one_cm":189942,"minecraft:total_world_time":493167,"tombstone:raider_killed":1,"minecraft:time_since_rest":740,"minecraft:damage_taken":9870,"minecraft:damage_absorbed":124,"minecraft:swim_one_cm":64085,"minecraft:fly_one_cm":1092794,"minecraft:open_chest":452,"minecraft:fall_one_cm":365134},"minecraft:mined":{"iceandfire:copper_pile":1,"minecraft:grass_block":1799,"regions_unexplored:pine_shrub":2,"minecraft:tall_seagrass":7,"minecraft:fire":7,"minecraft:kelp_plant":14,"minecraft:powder_snow":8,"duneons:nether_brazier":1,"minecraft:chest":12,"minecraft:sugar_cane":61,"minecraft:seagrass":1,"minecraft:wheat":13,"minecraft:grass":7,"biomesoplenty:clover":1,"minecraft:oak_log":6,"farmersdelight:apple_pie":1,"minecraft:sand":14,"minecraft:dirt":7716,"minecraft:kelp":3,"minecraft:large_fern":9,"minecraft:snow":30,"duneons:swamplog":4,"minecraft:potatoes":51,"create:mechanical_roller":1,"minecraft:snow_block":191,"minecraft:crafting_table":1,"minecraft:tall_grass":2,"inventorypets:sand_block":1,"minecraft:coarse_dirt":733,"minecraft:gravel":1027,"regions_unexplored:peat_podzol":1,"minecraft:fern":12},"minecraft:killed":{"minecraft:spider":10,"minecraft:skeleton":14,"minecraft:chicken":3,"minecraft:wolf":2,"mythicmounts:moth":1,"mutantmonsters:mutant_skeleton":1,"minecraft:creeper":11,"minecraft:zombie":49,"alexsmobs:fly":1,"alexsmobs:tasmanian_devil":1,"minecraft:phantom":1,"iceandfire:troll":4,"mutantmonsters:mutant_zombie":1,"minecraft:enderman":1},"minecraft:picked_up":{"minecraft:wheat":10,"iceandfire:troll_weapon_hammer":2,"minecraft:nether_brick_fence":1,"minecraft:prismarine_shard":2,"enchantmentmachine:disenchanter_block":1,"iceandfire:armor_copper_metal_chestplate":2,"aether:iron_gloves":1,"create:polished_cut_dripstone_wall":1,"regions_unexplored:cobalt_earlight":1,"minecraft:enchanted_book":2,"minecraft:acacia_pressure_plate":1,"icarus:gray_mechanical_leather_wings":2,"vanillaplustools:diamond_shovel":4,"duneons:bamboo_wood_fence":1,"minecraft:weathered_cut_copper_stairs":1,"duneons:coin":1,"farmersdelight:apple_pie":1,"aether:diamond_gloves":1,"minecraft:oak_hanging_sign":2,"minecraft:cherry_pressure_plate":1,"minecraft:sticky_piston":1,"farmersdelight:rice_roll_medley_block":1,"create:cut_asurine_slab":1,"minecraft:beetroot":6,"minecraft:orange_concrete_powder":1,"regions_unexplored:pine_log":271,"create:mechanical_press":1,"iceandfire:tide_purple_chestplate":1,"duneons:strengthenironpickaxe":2,"minecraft:redstone_torch":1,"minecraft:ender_eye":1,"aether:ambrosium_block":1,"duneons:carvedandesitesmooth":1,"regions_unexplored:pine_shrub":4,"inventorypets:pet_pufferfish":1,"minecraft:stick":1,"minecraft:torch":3,"tombstone:carmin_marble":1,"aether:zanite_boots":2,"minecraft:porkchop":3,"iceandfire:rotten_egg":2,"minecraft:diorite":234,"regions_unexplored:daisy":3,"minecraft:golden_chestplate":1,"mutantmonsters:mutant_skeleton_pelvis":1,"mutantmonsters:hulk_hammer":1,"minecraft:stone_sword":1,"create:clipboard":1,"minecraft:red_tulip":1,"alexscaves:dreadbow":1,"tombstone:scroll_of_aquatic_life":1,"minecraft:cod":17,"inventorypets:pet_sheep":2,"minecraft:snowball":15,"alexsmobs:flying_fish":13,"minecraft:cobblestone":12412,"inventorypets:pet_creeper":2,"minecraft:lilac":1,"minecraft:smoker":1,"minecraft:potato":318,"minecraft:magenta_dye":1,"minecraft:flint":10,"regions_unexplored:redwood_door":1,"regions_unexplored:cobalt_slab":2,"justhammers:diamond_destructor_hammer":2,"farmersdelight:tomato":64,"minecraft:dirt":1000,"regions_unexplored:cobalt_roots":1,"alexscaves:smooth_limestone_wall":1,"minecraft:name_tag":1,"newshieldvariants:blaze_shield":1,"minecraft:bone":2,"alexscaves:extinction_spear":2,"duneons:bow_spooky_1_gear":1,"minecraft:wheat_seeds":74,"regions_unexplored:baobab_sapling":1,"duneons:chest_piglin_rare":3,"regions_unexplored:baobab_branch":2,"regions_unexplored:joshua_sign":1,"create:cogwheel":1,"biomesoplenty:jacaranda_boat":1,"regions_unexplored:pine_sapling":304,"minecraft:poisonous_potato":1,"iceandfire:deathworm_yellow_chestplate":1,"minecraft:sand":47,"biomesoplenty:fir_fence":1,"alexsmobs:animal_dictionary":1,"regions_unexplored:mauve_planks":1,"minecraft:bundle":4,"inventorypets:pet_anvil":1,"minecraft:diamond":8,"duneons:nether_brazier":4,"sophisticatedbackpacks:advanced_feeding_upgrade":1,"minecraft:emerald":3,"minecraft:oak_sapling":60,"regions_unexplored:polished_chalk_slab":1,"minecraft:crafting_table":1,"minecraft:coarse_dirt":357,"duneons:swamplog":1,"minecraft:chest_minecart":1,"iceandfire:frost_troll_leather_chestplate":1,"regions_unexplored:maple_wood":1,"iceandfire:sea_serpent_scales_blue":1,"inventorypets:pet_wolf":1,"minecraft:red_bed":1,"minecraft:moss_carpet":2,"inventorypets:pet_cloud":3,"minecraft:brown_stained_glass_pane":1,"inventorypets:pet_qcm":1,"iceandfire:dragonarmor_copper_head":2,"regions_unexplored:mauve_shrub":1,"regions_unexplored:peat_podzol":2,"minecraft:iron_nugget":1,"inventorypets:pet_lead":2,"duneons:tripleaxe":2,"minecraft:sugar_cane":132,"minecraft:chest":3,"minecraft:egg":39,"minecraft:dark_oak_sapling":221,"iceandfire:dragonscale_amythest":1,"create:small_rose_quartz_tiles":2,"minecraft:raw_iron":71,"iceandfire:troll_tusk":1,"minecraft:carrot":8,"tombstone:scroll_of_purification":1,"minecraft:arrow":1,"biomesoplenty:willow_sapling":57,"regions_unexplored:felicia_daisy":3,"minecraft:stripped_dark_oak_wood":1,"mutantmonsters:mutant_skeleton_rib":9,"minecraft:oak_chest_boat":2,"sophisticatedbackpacks:copper_backpack":2,"alexsmobs:flying_fish_bucket":1,"minecraft:white_wool":1,"minecraft:rail":1,"iceandfire:silver_axe":1,"duneons:ice_dark_fence":1,"minecraft:air":0,"iceandfire:troll_leather_mountain":10,"minecraft:filled_map":1,"duneons:enderarmor_chestplate":1,"minecraft:oak_log":6,"minecraft:gunpowder":2,"mca:book_romance":1,"mutantmonsters:mutant_skeleton_limb":15,"inventorypets:nugget_emerald":60,"tombstone:gift":1,"minecraft:waxed_weathered_cut_copper":1,"duneons:chest_piglin_small":2,"create:mechanical_roller":3,"minecraft:apple":61,"minecraft:stone_bricks":3,"minecraft:kelp":52,"farmersdelight:cyan_hanging_canvas_sign":1,"minecraft:iron_ingot":47,"minecraft:stone_pickaxe":4,"minecraft:cooked_chicken":2,"sophisticatedbackpacks:diamond_backpack":4,"minecraft:book":4,"minecraft:acacia_hanging_sign":1,"minecraft:pink_bed":1,"iceandfire:copper_nugget":2,"minecraft:sweet_berries":64,"create:small_andesite_brick_slab":1,"farmersdelight:jungle_cabinet":1,"minecraft:gravel":5,"minecraft:lava_bucket":1,"cataclysm:desert_eye":1,"create:small_diorite_brick_stairs":1,"minecraft:spruce_sapling":18,"minecraft:spruce_log":2,"justhammers:diamond_hammer":12,"minecraft:spider_eye":4,"biomesoplenty:flowering_oak_sapling":12,"iceandfire:dragonscales_copper":1,"minecraft:bamboo_mosaic":1,"duneons:turtle_armor_boots":1,"minecraft:gray_banner":1,"regions_unexplored:tall_green_bioshroom":2,"minecraft:diamond_axe":4,"inventorypets:pet_illuminati":2,"tombstone:magic_scroll":3,"minecraft:coal":272},"minecraft:crafted":{"minecraft:oak_planks":24,"inventorypets:nugget_lapis":36,"minecraft:diamond_shovel":1,"minecraft:iron_boots":1,"minecraft:chest":128,"minecraft:crafting_table":3,"minecraft:iron_helmet":1,"minecraft:baked_potato":118,"minecraft:wooden_pickaxe":1,"minecraft:iron_chestplate":1,"minecraft:stick":8,"minecraft:iron_ingot":264,"minecraft:iron_block":11,"minecraft:wooden_sword":1,"minecraft:iron_nugget":153,"inventorypets:nugget_emerald":128,"minecraft:netherite_scrap":46,"minecraft:coal_block":208,"minecraft:blue_dye":1,"regions_unexplored:pine_planks":1024,"minecraft:wooden_axe":1,"minecraft:iron_leggings":1},"minecraft:used":{"duneons:piglin_armor_2_boots":1,"minecraft:nether_brick_fence":1,"minecraft:chest":60,"duneons:nether_brazier":3,"minecraft:rotten_flesh":4,"newshieldvariants:blaze_shield":13,"minecraft:snowball":61,"create:mechanical_roller":1,"minecraft:lava_bucket":1,"farmersdelight:rice_roll_medley_block":1,"minecraft:waxed_weathered_cut_copper":1,"duneons:halberd":444,"duneons:chest_piglin_rare":1,"minecraft:egg":16,"minecraft:potato":116,"farmersdelight:salmon_roll":3,"minecraft:diamond_axe":1,"minecraft:sugar_cane":18,"duneons:rapier":13,"minecraft:sand":1262,"farmersdelight:cod_roll":2,"justhammers:diamond_destructor_hammer":1768,"regions_unexplored:redwood_door":1,"duneons:whip_gear":14,"minecraft:redstone_torch":1,"minecraft:sticky_piston":1,"minecraft:gravel":256,"minecraft:wooden_sword":15,"minecraft:coarse_dirt":8,"farmersdelight:kelp_roll_slice":3,"minecraft:orange_concrete_powder":1,"vanillaplustools:diamond_shovel":3961,"regions_unexplored:mauve_shrub":1,"minecraft:flint_and_steel":59,"minecraft:cooked_chicken":2,"minecraft:dirt":37,"minecraft:wooden_axe":18,"tombstone:gift":3,"minecraft:wheat_seeds":12,"minecraft:baked_potato":114,"duneons:golden_sword":26,"minecraft:crafting_table":3,"minecraft:cod":2,"farmersdelight:apple_pie":1,"minecraft:diamond_shovel":36,"alexscaves:extinction_spear":45,"duneons:turtle_armor_boots":1,"minecraft:brown_stained_glass_pane":1,"minecraft:cobblestone":456,"minecraft:bucket":1},"minecraft:killed_by":{"mutantmonsters:mutant_skeleton":1},"minecraft:dropped":{"create:copper_valve_handle":1,"minecraft:iron_sword":2,"iceandfire:raw_silver":3,"minecraft:diamond_axe":1,"regions_unexplored:peat_podzol":1,"minecraft:baked_potato":4,"regions_unexplored:silver_birch_wood":1,"regions_unexplored:pine_shrub":7,"minecraft:cherry_pressure_plate":1,"minecraft:rail":1,"minecraft:emerald":66,"regions_unexplored:baobab_branch":2,"minecraft:flint":10,"minecraft:dirt":343,"duneons:rapier":1,"inventorypets:pet_creeper":1,"minecraft:wooden_sword":1,"biomesoplenty:fir_fence":1,"inventorypets:pet_cloud":2,"minecraft:waxed_cut_copper_slab":1,"minecraft:gravel":5,"duneons:spookysword":1,"minecraft:emerald_block":1,"minecraft:iron_nugget":44,"aether:zanite_boots":2,"farmersdelight:jungle_cabinet":1,"alexsmobs:animal_dictionary":1,"minecraft:gray_banner":1,"minecraft:rotten_flesh":2,"duneons:bamboo_wood_fence":1,"iceandfire:troll_leather_mountain":16,"regions_unexplored:baobab_sapling":1,"sophisticatedbackpacks:diamond_backpack":1,"minecraft:eye_armor_trim_smithing_template":1,"bosses_of_mass_destruction:soul_star":1,"minecraft:oak_chest_boat":2,"minecraft:gunpowder":1,"minecraft:chest":34,"minecraft:leather_leggings":2,"inventorypets:pet_lead":1,"alexscaves:primordial_helmet":1,"iceandfire:sea_serpent_scales_blue":1,"regions_unexplored:tall_green_bioshroom":1,"minecraft:acacia_pressure_plate":1,"alexscaves:floater":1,"minecraft:enchanted_book":1,"justhammers:diamond_hammer":1,"inventorypets:pet_sheep":1,"minecraft:poisonous_potato":1,"minecraft:oak_hanging_sign":1,"iceandfire:armor_copper_metal_chestplate":2,"minecraft:iron_helmet":1,"minecraft:cobblestone":11113,"minecraft:book":4,"iceandfire:dragonarmor_copper_head":1,"minecraft:coal":64,"newshieldvariants:tnt_shield":2,"create:clipboard":1,"minecraft:blue_dye":1,"minecraft:diorite":64,"tombstone:magic_scroll":1,"create:polished_cut_scoria_slab":1,"minecraft:wooden_axe":1,"inventorypets:pet_pufferfish":1,"minecraft:iron_leggings":1,"create:mechanical_roller":1,"minecraft:red_dye":1,"inventorypets:pet_illuminati":3,"regions_unexplored:cobalt_slab":1,"duneons:ice_dark_fence":1,"alexscaves:extinction_spear":1,"inventorypets:nugget_emerald":58,"create:small_rose_quartz_tiles":1,"minecraft:coarse_dirt":123,"create:cut_asurine_slab":1,"cataclysm:desert_eye":1,"minecraft:iron_boots":1,"tombstone:scroll_of_purification":1,"minecraft:ender_eye":1,"iceandfire:troll_weapon_hammer":1,"icarus:gray_mechanical_leather_wings":2,"duneons:swamplog":5,"minecraft:bundle":1,"minecraft:iron_chestplate":1,"minecraft:oak_sapling":4,"justhammers:diamond_destructor_hammer":4,"minecraft:stone_bricks":3,"minecraft:spider_eye":1,"minecraft:sandstone":64,"sophisticatedbackpacks:copper_backpack":1,"minecraft:magenta_dye":1,"minecraft:stone_pickaxe":1,"minecraft:wooden_pickaxe":1,"minecraft:red_tulip":1,"vanillaplustools:diamond_shovel":5,"create:andesite_funnel":1}},"DataVersion":3465}