{"stats":{"minecraft:broken":{"minecraft:stone_pickaxe":4,"minecraft:stone_axe":1},"minecraft:killed":{"born_in_chaos_v1:zombie_clown":1,"mca:female_zombie_villager":2,"alexsmobs:anaconda":2,"born_in_chaos_v1:restless_spirit":3,"born_in_chaos_v1:zombie_lumberjack":1,"mythicmounts:dragon":2,"minecraft:spider":4,"alexsmobs:shoebill":1,"born_in_chaos_v1:zombie_bruiser":2,"born_in_chaos_v1:baby_skeleton_minion":3,"born_in_chaos_v1:maggot":22,"minecraft:skeleton":2,"minecraft:silverfish":5,"minecraft:tropical_fish":1,"artifacts:mimic":1,"born_in_chaos_v1:barrel_zombie":1,"born_in_chaos_v1:bonescaller":1,"minecraft:pig":6,"born_in_chaos_v1:baby_skeleton":1,"born_in_chaos_v1:swarmer":2,"minecraft:bat":1,"inventorypets:anvil_pet_entity":1,"minecraft:creeper":8,"born_in_chaos_v1:decrepit_skeleton":1,"minecraft:sheep":9,"born_in_chaos_v1:zombie_fisherman":1,"minecraft:zombie":23,"alexsmobs:cockroach":1,"iceandfire:ghost":3,"born_in_chaos_v1:dread_hound":1,"born_in_chaos_v1:corpse_fly":15,"tombstone:spectral_wolf":1,"alexsmobs:fly":1,"alexsmobs:crow":1,"minecraft:glow_squid":1,"minecraft:cow":6},"minecraft:dropped":{"minecraft:brown_mushroom":2,"minecraft:cobblestone":323,"tombstone:tablet_of_assistance":2,"minecraft:granite":37,"alexscaves:cloak_of_darkness":1,"minecraft:gray_wool":2,"duneons:bluekinghat_leggings":9,"duneons:bluekinghat_helmet":6,"minecraft:diorite":11,"born_in_chaos_v1:monster_skin":1,"tombstone:grave_key":2,"tombstone:grave_dust":14,"minecraft:chain":2,"minecraft:string":3,"minecraft:white_wool":2,"alexsmobs:maggot":1,"regions_unexplored:pine_planks":4,"minecraft:stone_sword":1,"born_in_chaos_v1:ethereal_spirit":4,"minecraft:rotten_flesh":36,"minecraft:light_gray_wool":2,"regions_unexplored:maple_sapling":6,"justhammers:iron_hammer":3,"minecraft:filled_map":2,"duneons:bluekinghat_chestplate":6,"create:veridium":3,"minecraft:gunpowder":1,"minecraft:andesite":36,"born_in_chaos_v1:corpse_maggot":1,"securitycraft:stone_mine":1,"minecraft:spider_eye":1,"minecraft:spruce_log":1,"minecraft:stone_pickaxe":1},"minecraft:custom":{"minecraft:interact_with_anvil":2,"minecraft:mob_kills":138,"minecraft:interact_with_crafting_table":47,"minecraft:open_barrel":3,"minecraft:damage_dealt_resisted":602,"minecraft:leave_game":3,"minecraft:time_since_death":195061,"minecraft:climb_one_cm":802,"minecraft:sprint_one_cm":337994,"minecraft:walk_one_cm":552430,"minecraft:damage_blocked_by_shield":375,"minecraft:drop":85,"minecraft:damage_dealt_absorbed":54,"minecraft:play_time":206382,"minecraft:sneak_time":10748,"minecraft:deaths":2,"minecraft:walk_under_water_one_cm":9256,"minecraft:jump":2016,"minecraft:interact_with_blast_furnace":2,"minecraft:walk_on_water_one_cm":18751,"minecraft:total_world_time":206382,"minecraft:interact_with_furnace":59,"minecraft:interact_with_cartography_table":1,"minecraft:sleep_in_bed":1,"minecraft:time_since_rest":105001,"minecraft:damage_taken":4017,"minecraft:trigger_trapped_chest":3,"minecraft:damage_dealt":6204,"minecraft:swim_one_cm":20028,"minecraft:fly_one_cm":315541,"minecraft:open_chest":108,"minecraft:crouch_one_cm":35871,"tombstone:undead_killed":45,"minecraft:fall_one_cm":48407},"minecraft:mined":{"minecraft:tuff":1,"regions_unexplored:maple_log":14,"minecraft:grass_block":9,"minecraft:infested_cobblestone":1,"minecraft:large_fern":1,"biomesoplenty:jacaranda_log":9,"minecraft:furnace":3,"minecraft:iron_ore":19,"minecraft:cobbled_deepslate":1,"minecraft:andesite":23,"minecraft:deepslate_iron_ore":1,"minecraft:vine":1,"regions_unexplored:apple_oak_leaves":2,"regions_unexplored:medium_grass":3,"minecraft:stone":547,"create:veridium":3,"minecraft:green_bed":1,"regions_unexplored:cypress_log":37,"regions_unexplored:willow_log":19,"minecraft:crafting_table":5,"minecraft:chest":3,"minecraft:cobblestone":17,"minecraft:diorite":3,"minecraft:wall_torch":1,"regions_unexplored:pine_log":20,"minecraft:grass":5,"minecraft:oak_log":93,"minecraft:coal_ore":45,"minecraft:gravel":1,"minecraft:dirt":5,"minecraft:deepslate":6,"minecraft:fern":1},"minecraft:used":{"minecraft:stone_sword":100,"minecraft:chest":8,"minecraft:shield":20,"minecraft:stone":1,"minecraft:iron_sword":37,"minecraft:rotten_flesh":1,"minecraft:torch":220,"minecraft:dirt":4,"minecraft:tuff":1,"minecraft:granite":10,"farmersdelight:sweet_berry_cookie":4,"born_in_chaos_v1:corpse_maggot":53,"minecraft:furnace":8,"tombstone:gift":3,"minecraft:cooked_beef":3,"minecraft:potato":55,"minecraft:cobbled_deepslate":49,"minecraft:cooked_mutton":5,"minecraft:stone_pickaxe":636,"minecraft:baked_potato":17,"minecraft:green_bed":1,"minecraft:crafting_table":8,"alexscaves:cloak_of_darkness":1,"justhammers:iron_hammer":306,"minecraft:apple":1,"tombstone:tablet_of_assistance":1,"minecraft:iron_pickaxe":28,"tombstone:magic_scroll":3,"minecraft:stone_axe":210,"minecraft:cobblestone":433,"minecraft:cooked_porkchop":2},"minecraft:crafted":{"minecraft:oak_planks":124,"minecraft:furnace":6,"minecraft:stone":1,"minecraft:cooked_mutton":5,"minecraft:iron_bars":16,"minecraft:stone_pickaxe":6,"minecraft:chest":5,"minecraft:cooked_beef":3,"biomesoplenty:jacaranda_planks":36,"minecraft:cooked_porkchop":10,"minecraft:crafting_table":4,"minecraft:baked_potato":3,"minecraft:iron_sword":1,"minecraft:copper_ingot":59,"minecraft:stone_axe":3,"minecraft:air":0,"justhammers:iron_hammer":6,"regions_unexplored:pine_planks":4,"minecraft:charcoal":18,"minecraft:shield":1,"minecraft:stick":92,"minecraft:iron_ingot":93,"minecraft:iron_pickaxe":2,"minecraft:stone_sword":1,"securitycraft:limited_use_keycard":1,"minecraft:torch":212},"minecraft:picked_up":{"minecraft:crafting_table":5,"minecraft:brown_mushroom":2,"biomesoplenty:jacaranda_sapling":5,"minecraft:enchanted_book":2,"minecraft:chain":4,"tombstone:grave_key":1,"securitycraft:stone_mine":1,"minecraft:string":8,"minecraft:raw_copper":64,"regions_unexplored:pine_log":17,"minecraft:cobbled_deepslate":167,"minecraft:beef":16,"minecraft:wooden_shovel":1,"minecraft:light_gray_wool":2,"tombstone:tablet_of_assistance":2,"minecraft:chest":3,"minecraft:phantom_membrane":1,"minecraft:furnace":3,"minecraft:stick":43,"minecraft:raw_iron":99,"minecraft:torch":8,"minecraft:green_bed":1,"artifacts:vampiric_glove":1,"minecraft:porkchop":15,"tombstone:grave_dust":14,"minecraft:diorite":88,"minecraft:redstone":42,"minecraft:stone_sword":1,"minecraft:arrow":2,"minecraft:rotten_flesh":47,"biomesoplenty:jacaranda_log":9,"regions_unexplored:maple_sapling":6,"create:veridium":6,"tombstone:essence_of_undeath":3,"minecraft:mutton":13,"minecraft:white_wool":6,"minecraft:cobblestone":2654,"duneons:bluekinghat_chestplate":7,"born_in_chaos_v1:corpse_maggot":39,"minecraft:feather":3,"born_in_chaos_v1:monster_flesh":1,"minecraft:andesite":63,"minecraft:salmon":1,"minecraft:leather":3,"minecraft:potato":32,"duneons:bluekinghat_leggings":10,"minecraft:filled_map":2,"minecraft:tuff":7,"create:raw_zinc":7,"minecraft:oak_log":82,"minecraft:gunpowder":5,"minecraft:lapis_lazuli":52,"minecraft:dirt":12,"tombstone:gift":1,"born_in_chaos_v1:monster_skin":2,"minecraft:bone":4,"alexscaves:cloak_of_darkness":1,"minecraft:apple":2,"minecraft:raw_gold":10,"farmersdelight:sweet_berry_cookie":4,"alexsmobs:cockroach_wing_fragment":1,"minecraft:iron_ingot":2,"minecraft:stone_pickaxe":1,"artifacts:steadfast_spikes":1,"born_in_chaos_v1:ethereal_spirit":6,"regions_unexplored:cypress_sapling":6,"duneons:necromancerball":2,"minecraft:spruce_log":1,"artifacts:scarf_of_invisibility":2,"duneons:bluekinghat_helmet":7,"minecraft:spider_eye":1,"biomesoplenty:flowering_oak_sapling":2,"regions_unexplored:cypress_log":36,"minecraft:granite":173,"regions_unexplored:maple_log":14,"minecraft:gray_wool":2,"regions_unexplored:willow_log":16,"alexsmobs:maggot":1,"minecraft:baked_potato":16,"tombstone:magic_scroll":3,"minecraft:oak_sapling":9,"minecraft:coal":136}},"DataVersion":3465}