{"stats":{"minecraft:used":{"minecraft:stone_sword":42,"farmersdelight:cabbage_seeds":6,"born_in_chaos_v1:intoxicating_decoction":1,"minecraft:wooden_pickaxe":31,"minecraft:glow_item_frame":1,"farmersdelight:onion":3,"minecraft:dirt":1,"minecraft:oak_slab":3,"justhammers:diamond_hammer":61,"minecraft:crafting_table":1,"bosses_of_mass_destruction:soul_star":1,"minecraft:wooden_hoe":59,"minecraft:bread":3,"tombstone:magic_scroll":1,"create:creative_motor":10,"create:shaft":1,"minecraft:cobblestone":2,"minecraft:sweet_berries":10,"minecraft:golden_carrot":8,"minecraft:beetroot_seeds":3,"alexsmobs:animal_dictionary":1,"farmersdelight:tomato_seeds":4,"minecraft:cobbled_deepslate":12,"minecraft:potato":10,"farmersdelight:fried_egg":32},"minecraft:killed":{"born_in_chaos_v1:zombie_clown":1,"minecraft:spider":1},"minecraft:crafted":{"biomesoplenty:redwood_planks":12,"minecraft:wooden_pickaxe":1,"minecraft:wooden_hoe":1,"minecraft:stick":12,"justhammers:diamond_hammer":1,"minecraft:stone_sword":1},"minecraft:mined":{"minecraft:crafting_table":1,"create:creative_motor":9,"biomesoplenty:sprout":1,"minecraft:fire":1,"minecraft:grass":1,"minecraft:vine":1,"minecraft:stone":9,"create:andesite_encased_shaft":1,"biomesoplenty:redwood_wood":3,"minecraft:deepslate":8},"minecraft:dropped":{"farmersdelight:tomato_seeds":4,"webdisplays:minepad":1,"webdisplays:laserpointer":1,"minecraft:wheat_seeds":1,"minecraft:blaze_rod":1,"minecraft:glass_bottle":1,"minecraft:rotten_flesh":7,"minecraft:stick":2,"minecraft:dirt":2,"simplyswords:iron_scythe":1,"farmersdelight:onion":1,"tombstone:scroll_of_lightning_resistance":1,"minecraft:arrow":1,"minecraft:wooden_pickaxe":1},"minecraft:custom":{"minecraft:mob_kills":6,"minecraft:interact_with_crafting_table":6,"minecraft:damage_dealt_resisted":112,"minecraft:leave_game":7,"minecraft:time_since_death":0,"minecraft:climb_one_cm":897,"minecraft:time_since_rest":1,"minecraft:sprint_one_cm":161317,"minecraft:damage_taken":3373,"minecraft:walk_one_cm":164152,"minecraft:trigger_trapped_chest":1,"minecraft:drop":17,"minecraft:damage_dealt":1359,"minecraft:swim_one_cm":10058,"minecraft:fly_one_cm":150418,"minecraft:open_chest":25,"minecraft:crouch_one_cm":5178,"minecraft:play_time":79782,"tombstone:undead_killed":1,"minecraft:deaths":3,"minecraft:sneak_time":1339,"minecraft:walk_under_water_one_cm":578,"minecraft:aviate_one_cm":279589,"minecraft:jump":739,"minecraft:walk_on_water_one_cm":2249,"minecraft:total_world_time":79782,"minecraft:fall_one_cm":29559,"minecraft:horse_one_cm":130616},"minecraft:broken":{"minecraft:wooden_hoe":1},"minecraft:picked_up":{"minecraft:crafting_table":1,"minecraft:golden_leggings":1,"minecraft:potato":8,"minecraft:tuff":72,"create:raw_zinc":8,"minecraft:dirt":3,"born_in_chaos_v1:intoxicating_decoction":1,"minecraft:bone":1,"minecraft:wheat_seeds":7,"minecraft:raw_gold":19,"minecraft:cobbled_deepslate":395,"bosses_of_mass_destruction:soul_star":1,"create:shaft":1,"biomesoplenty:redwood_wood":3,"farmersdelight:cabbage_seeds":6,"minecraft:phantom_membrane":1,"minecraft:egg":140,"minecraft:oak_slab":3,"minecraft:raw_iron":14,"minecraft:glow_item_frame":1,"icarus:blue_mechanical_leather_wings":1,"farmersdelight:tomato_seeds":8,"iceandfire:rotten_egg":5,"minecraft:carrot":5,"minecraft:spider_eye":1,"farmersdelight:fried_egg":12,"create:creative_motor":10,"minecraft:arrow":1,"minecraft:rotten_flesh":10,"simplyswords:iron_scythe":1,"minecraft:diamond":4,"minecraft:beetroot_seeds":3,"farmersdelight:onion":4,"webdisplays:linker":1,"webdisplays:laserpointer":1,"webdisplays:minepad":1,"tombstone:magic_scroll":3,"minecraft:blaze_rod":1,"minecraft:cobblestone":36}},"DataVersion":3465}